pspesific1,datehourminute,timestamp,typeid,pidentifierid,psectionid,plistingid,pagentid,pagencyid,pdeveloperid,sidentifierid,slistingid,sagencyid,slistingtype,vurl,createddate,vuseragent
,201509192315,1.442675726E9,1,23,2,0,0,0,0,8,,0,S,,1.442675726E9,
,201509122150,1.442065815E9,1,23,5,0,0,0,0,8,,0,S,,1.442065815E9,
,201509151752,1.442310737E9,1,29,2,0,0,0,0,8,,0,S,,1.442310737E9,
,201509012101,1.441112485E9,1,22,2,0,0,0,0,8,,0,S,,1.441112485E9,
,201508051741,1.438767696E9,1,22,2,0,0,0,0,8,,0,S,,1.438767696E9,
,201509112150,1.441979439E9,1,23,2,0,0,0,0,8,,0,S,,1.441979439E9,
,201509220019,1.442852386E9,1,29,2,0,0,0,0,8,,0,S,,1.442852386E9,
,201509231206,1.442981176E9,1,22,5,0,0,0,0,8,,0,S,,1.442981176E9,
,201508022216,1.438524969E9,1,29,2,0,0,0,0,8,,0,S,,1.438524969E9,
,201509270923,1.443317024E9,1,23,5,0,0,0,0,8,,0,S,,1.443317024E9,
,201509120344,1.442000686E9,1,23,2,0,0,0,0,8,,0,S,,1.442000686E9,
,201509201410,1.442729431E9,1,23,2,0,0,0,0,8,,0,S,,1.442729431E9,
,201509021303,1.441170231E9,1,29,2,0,0,0,0,8,,0,S,,1.441170231E9,
,201508140845,1.439513101E9,1,23,5,0,0,0,0,8,,0,S,,1.439513101E9,
,201508011343,1.438407822E9,1,23,2,0,0,0,0,8,,0,S,,1.438407822E9,
,201508091750,1.439113825E9,1,22,2,0,0,0,0,8,,0,S,,1.439113825E9,
,201509080120,1.441646453E9,1,29,2,0,0,0,0,8,,0,S,,1.441646453E9,
,201509260857,1.443229046E9,1,22,2,0,0,0,0,8,,0,S,,1.443229046E9,
,201509140647,1.44218443E9,1,22,5,0,0,0,0,8,,0,S,,1.44218443E9,
,201509241939,1.443094751E9,1,29,2,0,0,0,0,8,,0,S,,1.443094751E9,
,201508181736,1.439890612E9,1,22,2,0,0,0,0,8,,0,S,,1.439890612E9,
,201509261659,1.443257989E9,1,29,2,0,0,0,0,8,,0,S,,1.443257989E9,
,201509072005,1.441627508E9,1,23,2,0,0,0,0,8,,0,S,,1.441627508E9,
,201509241936,1.443094603E9,1,29,2,0,0,0,0,8,,0,S,,1.443094603E9,
,201509131321,1.44212171E9,1,23,2,0,0,0,0,8,,0,S,,1.44212171E9,
,201508202154,1.440078869E9,1,23,5,0,0,0,0,8,,0,S,,1.440078869E9,
,201508271239,1.440650382E9,1,22,2,0,0,0,0,8,,0,S,,1.440650382E9,
,201509010834,1.441067681E9,1,29,2,0,0,0,0,8,,0,S,,1.441067681E9,
,201509150721,1.442272909E9,1,29,2,0,0,0,0,8,,0,S,,1.442272909E9,
,201509030848,1.441241337E9,1,23,2,0,0,0,0,8,,0,S,,1.441241337E9,
,201508080830,1.438993846E9,1,23,2,0,0,0,0,8,,0,S,,1.438993846E9,
,201508251446,1.440485201E9,1,23,2,0,0,0,0,8,,0,S,,1.440485201E9,
,201509041158,1.441339132E9,1,29,2,0,0,0,0,8,,0,S,,1.441339132E9,
,201509212324,1.442849073E9,1,29,2,0,0,0,0,8,,0,S,,1.442849073E9,
,201507241527,1.437722853E9,1,29,5,0,0,0,0,8,,0,S,,1.437722853E9,
,201509040804,1.441325069E9,1,23,2,0,0,0,0,8,,0,S,,1.441325069E9,
,201509150010,1.442247052E9,1,23,2,0,0,0,0,8,,0,S,,1.442247052E9,
,201509121816,1.442052999E9,1,23,2,0,0,0,0,8,,0,S,,1.442052999E9,
,201509261640,1.443256815E9,1,23,2,0,0,0,0,8,,0,S,,1.443256815E9,
,201509291635,1.443515717E9,1,23,2,0,0,0,0,8,,0,S,,1.443515717E9,
,201507252132,1.43783116E9,1,29,2,0,0,0,0,8,,0,S,,1.43783116E9,
,201509150016,1.44224741E9,1,23,2,0,0,0,0,8,,0,S,,1.44224741E9,
,201508080051,1.438966282E9,1,23,2,0,0,0,0,8,,0,S,,1.438966282E9,
,201508242102,1.440421348E9,1,23,2,0,0,0,0,8,,0,S,,1.440421348E9,
,201508091819,1.439115585E9,1,23,2,0,0,0,0,8,,0,S,,1.439115585E9,
,201509231652,1.442998372E9,1,22,2,0,0,0,0,8,,0,S,,1.442998372E9,
,201507211857,1.437476275E9,1,23,2,0,0,0,0,8,,0,S,,1.437476275E9,
,201507270201,1.437933663E9,1,22,2,0,0,0,0,8,,0,S,,1.437933663E9,
,201509051723,1.441445011E9,1,23,5,0,0,0,0,8,,0,S,,1.441445011E9,
,201508010908,1.438391322E9,1,23,2,0,0,0,0,8,,0,S,,1.438391322E9,
,201509212013,1.44283758E9,1,23,2,0,0,0,0,8,,0,S,,1.44283758E9,
,201509120851,1.442019102E9,1,29,5,0,0,0,0,8,,0,S,,1.442019102E9,
,201509291839,1.443523167E9,1,29,2,0,0,0,0,8,,0,S,,1.443523167E9,
,201509300328,1.443554902E9,1,29,2,0,0,0,0,8,,0,S,,1.443554902E9,
,201507272257,1.438009048E9,1,29,2,0,0,0,0,8,,0,S,,1.438009048E9,
,201507291832,1.43816597E9,1,23,5,0,0,0,0,8,,0,S,,1.43816597E9,
,201508241100,1.440385231E9,1,29,2,0,0,0,0,8,,0,S,,1.440385231E9,
,201509291839,1.443523159E9,1,29,2,0,0,0,0,8,,0,S,,1.443523159E9,
,201509231118,1.442978325E9,1,22,5,0,0,0,0,8,,0,S,,1.442978325E9,
,201508212242,1.440168121E9,1,29,2,0,0,0,0,8,,0,S,,1.440168121E9,
,201509112128,1.441978083E9,1,23,2,0,0,0,0,8,,0,S,,1.441978083E9,
,201508152001,1.439640101E9,1,23,2,0,0,0,0,8,,0,S,,1.439640101E9,
,201508151145,1.439610324E9,1,29,2,0,0,0,0,8,,0,S,,1.439610324E9,
,201509042059,1.441371593E9,1,29,2,0,0,0,0,8,,0,S,,1.441371593E9,
,201509281717,1.443431851E9,1,23,2,0,0,0,0,8,,0,S,,1.443431851E9,
,201509162300,1.442415604E9,1,23,5,0,0,0,0,8,,0,S,,1.442415604E9,
,201509010033,1.441038783E9,1,23,2,0,0,0,0,8,,0,S,,1.441038783E9,
,201508010209,1.43836616E9,1,23,2,0,0,0,0,8,,0,S,,1.43836616E9,
,201509181647,1.44256605E9,1,23,2,0,0,0,0,8,,0,S,,1.44256605E9,
,201509210812,1.442794339E9,1,22,2,0,0,0,0,8,,0,S,,1.442794339E9,
,201508160700,1.439679659E9,1,23,2,0,0,0,0,8,,0,S,,1.439679659E9,
,201509282217,1.443449822E9,1,29,2,0,0,0,0,8,,0,S,,1.443449822E9,
,201508290954,1.440813284E9,1,22,2,0,0,0,0,8,,0,S,,1.440813284E9,
,201508082241,1.439044907E9,1,23,5,0,0,0,0,8,,0,S,,1.439044907E9,
,201508151204,1.439611492E9,1,23,2,0,0,0,0,8,,0,S,,1.439611492E9,
,201509051958,1.441454303E9,1,22,2,0,0,0,0,8,,0,S,,1.441454303E9,
,201508181349,1.439876981E9,1,23,2,0,0,0,0,8,,0,S,,1.439876981E9,
,201509231129,1.442978995E9,1,22,5,0,0,0,0,8,,0,S,,1.442978995E9,
,201507311213,1.438316033E9,1,23,2,0,0,0,0,8,,0,S,,1.438316033E9,
,201507220048,1.437497288E9,1,23,2,0,0,0,0,8,,0,S,,1.437497288E9,
,201508130931,1.439429504E9,1,29,2,0,0,0,0,8,,0,S,,1.439429504E9,
,201508090623,1.439072632E9,1,23,2,0,0,0,0,8,,0,S,,1.439072632E9,
,201508011056,1.43839781E9,1,22,2,0,0,0,0,8,,0,S,,1.43839781E9,
,201507271006,1.437962777E9,1,23,2,0,0,0,0,8,,0,S,,1.437962777E9,
,201509082101,1.44171726E9,1,23,2,0,0,0,0,8,,0,S,,1.44171726E9,
,201507262302,1.437922948E9,1,23,2,0,0,0,0,8,,0,S,,1.437922948E9,
,201508081121,1.439004105E9,1,22,2,0,0,0,0,8,,0,S,,1.439004105E9,
,201508151442,1.439620976E9,1,22,2,0,0,0,0,8,,0,S,,1.439620976E9,
,201508250808,1.440461298E9,1,29,2,0,0,0,0,8,,0,S,,1.440461298E9,
,201507261926,1.437909966E9,1,23,2,0,0,0,0,8,,0,S,,1.437909966E9,
,201508052311,1.438787463E9,1,23,2,0,0,0,0,8,,0,S,,1.438787463E9,
,201507282349,1.438098598E9,1,29,2,0,0,0,0,8,,0,S,,1.438098598E9,
,201508201815,1.440065735E9,1,23,5,0,0,0,0,8,,0,S,,1.440065735E9,
,201508241049,1.440384591E9,1,29,2,0,0,0,0,8,,0,S,,1.440384591E9,
,201508031000,1.438567211E9,1,23,2,0,0,0,0,8,,0,S,,1.438567211E9,
,201508042346,1.438703172E9,1,29,2,0,0,0,0,8,,0,S,,1.438703172E9,
,201508300936,1.440898601E9,1,23,2,0,0,0,0,8,,0,S,,1.440898601E9,
,201507272356,1.438012578E9,1,23,2,0,0,0,0,8,,0,S,,1.438012578E9,
,201508280412,1.440706353E9,1,22,5,0,0,0,0,8,,0,S,,1.440706353E9,
,201508090628,1.439072921E9,1,23,2,0,0,0,0,8,,0,S,,1.439072921E9,
,201508172022,1.439814163E9,1,23,2,0,0,0,0,8,,0,S,,1.439814163E9,
,201508071137,1.438918661E9,1,29,2,0,0,0,0,8,,0,S,,1.438918661E9,
,201508080645,1.438987543E9,1,23,2,0,0,0,0,8,,0,S,,1.438987543E9,
,201509111214,1.441944854E9,1,23,2,0,0,0,0,8,,0,S,,1.441944854E9,
,201507292308,1.438182495E9,1,22,2,0,0,0,0,8,,0,S,,1.438182495E9,
,201507272126,1.43800358E9,1,23,2,0,0,0,0,8,,0,S,,1.43800358E9,
,201509060516,1.441487815E9,1,23,5,0,0,0,0,8,,0,S,,1.441487815E9,
,201508060742,1.438818172E9,1,23,5,0,0,0,0,8,,0,S,,1.438818172E9,
,201508031135,1.438572921E9,1,22,2,0,0,0,0,8,,0,S,,1.438572921E9,
,201509220044,1.442853864E9,1,29,2,0,0,0,0,8,,0,S,,1.442853864E9,
,201509051240,1.441428016E9,1,22,2,0,0,0,0,8,,0,S,,1.441428016E9,
,201508192348,1.439999294E9,1,23,2,0,0,0,0,8,,0,S,,1.439999294E9,
,201509110059,1.441904399E9,1,29,2,0,0,0,0,8,,0,S,,1.441904399E9,
,201508051743,1.43876782E9,1,22,2,0,0,0,0,8,,0,S,,1.43876782E9,
,201508022128,1.438522108E9,1,23,2,0,0,0,0,8,,0,S,,1.438522108E9,
,201508151811,1.439633488E9,1,29,2,0,0,0,0,8,,0,S,,1.439633488E9,
,201508160915,1.439687755E9,1,22,2,0,0,0,0,8,,0,S,,1.439687755E9,
,201507301707,1.438247256E9,1,29,2,0,0,0,0,8,,0,S,,1.438247256E9,
,201508022123,1.438521838E9,1,23,2,0,0,0,0,8,,0,S,,1.438521838E9,
,201509130253,1.442084007E9,5,23,4,0,0,0,0,8,,0,S,,1.442084007E9,
,201509161434,1.442385257E9,5,23,4,0,0,0,0,8,,0,S,,1.442385257E9,
,201508161521,1.439709676E9,5,23,4,0,0,0,0,8,,0,S,,1.439709676E9,
,201508291241,1.440823319E9,5,23,4,0,0,0,0,8,,0,S,,1.440823319E9,
,201507260511,1.437858684E9,5,23,4,0,0,0,0,8,,0,S,,1.437858684E9,
,201509290654,1.443480849E9,5,23,4,0,0,0,0,8,,0,S,,1.443480849E9,
,201509272321,1.443367297E9,5,23,4,0,0,0,0,8,,0,S,,1.443367297E9,
,201509101943,1.441885384E9,5,23,4,0,0,0,0,8,,0,S,,1.441885384E9,
,201508200047,1.440002857E9,5,23,4,0,0,0,0,8,,0,S,,1.440002857E9,
,201508122218,1.439389138E9,5,23,4,0,0,0,0,8,,0,S,,1.439389138E9,
,201509030737,1.441237035E9,5,23,4,0,0,0,0,8,,0,S,,1.441237035E9,
,201509021250,1.441169423E9,5,23,4,0,0,0,0,8,,0,S,,1.441169423E9,
,201508291232,1.440822743E9,5,23,4,0,0,0,0,8,,0,S,,1.440822743E9,
,201509062329,1.441553394E9,5,23,4,0,0,0,0,8,,0,S,,1.441553394E9,
,201508281458,1.440745094E9,5,23,4,0,0,0,0,8,,0,S,,1.440745094E9,
,201509020117,1.441127849E9,5,23,4,0,0,0,0,8,,0,S,,1.441127849E9,
,201509151803,1.442311437E9,5,23,4,0,0,0,0,8,,0,S,,1.442311437E9,
,201509101924,1.441884267E9,5,23,4,0,0,0,0,8,,0,S,,1.441884267E9,
,201507281301,1.438059713E9,5,23,4,0,0,0,0,8,,0,S,,1.438059713E9,
,201509270900,1.443315633E9,5,23,4,0,0,0,0,8,,0,S,,1.443315633E9,
,201507282336,1.438097771E9,5,23,4,0,0,0,0,8,,0,S,,1.438097771E9,
,201509071942,1.441626134E9,5,23,4,0,0,0,0,8,,0,S,,1.441626134E9,
,201509280023,1.443370999E9,5,23,4,0,0,0,0,8,,0,S,,1.443370999E9,
,201507261214,1.437884041E9,5,23,4,0,0,0,0,8,,0,S,,1.437884041E9,
,201508210501,1.440104502E9,5,23,4,0,0,0,0,8,,0,S,,1.440104502E9,
,201508140737,1.439509079E9,5,23,4,0,0,0,0,8,,0,S,,1.439509079E9,
,201509250049,1.443113358E9,5,23,4,0,0,0,0,8,,0,S,,1.443113358E9,
,201509272036,1.443357361E9,5,23,4,0,0,0,0,8,,0,S,,1.443357361E9,
,201509180636,1.44252937E9,5,23,4,0,0,0,0,8,,0,S,,1.44252937E9,
,201508170830,1.439771456E9,5,23,4,0,0,0,0,8,,0,S,,1.439771456E9,
,201509152326,1.442330799E9,5,23,4,0,0,0,0,8,,0,S,,1.442330799E9,
,201509172009,1.442491797E9,5,23,4,0,0,0,0,8,,0,S,,1.442491797E9,
,201509141909,1.442228995E9,5,23,4,0,0,0,0,8,,0,S,,1.442228995E9,
,201509111321,1.441948902E9,5,23,4,0,0,0,0,8,,0,S,,1.441948902E9,
,201509191803,1.442656996E9,5,23,4,0,0,0,0,8,,0,S,,1.442656996E9,
,201508061855,1.43885855E9,5,23,4,0,0,0,0,8,,0,S,,1.43885855E9,
,201507292355,1.43818533E9,5,23,4,0,0,0,0,8,,0,S,,1.43818533E9,
,201508190243,1.439923401E9,5,23,4,0,0,0,0,8,,0,S,,1.439923401E9,
,201507270022,1.437927732E9,5,23,4,0,0,0,0,8,,0,S,,1.437927732E9,
,201508071732,1.438939943E9,5,23,4,0,0,0,0,8,,0,S,,1.438939943E9,
,201508180111,1.439831467E9,5,23,4,0,0,0,0,8,,0,S,,1.439831467E9,
,201509131155,1.442116506E9,5,23,4,0,0,0,0,8,,0,S,,1.442116506E9,
,201509141507,1.442214467E9,5,23,4,0,0,0,0,8,,0,S,,1.442214467E9,
,201509151749,1.442310585E9,5,23,4,0,0,0,0,8,,0,S,,1.442310585E9,
,201509240929,1.443058186E9,5,23,4,0,0,0,0,8,,0,S,,1.443058186E9,
,201509231824,1.443003859E9,5,23,4,0,0,0,0,8,,0,S,,1.443003859E9,
,201508212154,1.440165249E9,5,23,4,0,0,0,0,8,,0,S,,1.440165249E9,
,201509141304,1.442207068E9,5,23,4,0,0,0,0,8,,0,S,,1.442207068E9,
,201509200104,1.442682268E9,5,23,4,0,0,0,0,8,,0,S,,1.442682268E9,
,201509050307,1.441393636E9,5,23,4,0,0,0,0,8,,0,S,,1.441393636E9,
,201508141328,1.439530131E9,5,23,4,0,0,0,0,8,,0,S,,1.439530131E9,
,201508202137,1.440077845E9,5,23,4,0,0,0,0,8,,0,S,,1.440077845E9,
,201509211847,1.442832442E9,5,23,4,0,0,0,0,8,,0,S,,1.442832442E9,
,201508240146,1.440351983E9,5,23,4,0,0,0,0,8,,0,S,,1.440351983E9,
,201509190532,1.442611969E9,5,23,4,0,0,0,0,8,,0,S,,1.442611969E9,
,201509150212,1.442254369E9,5,23,4,0,0,0,0,8,,0,S,,1.442254369E9,
,201509152316,1.442330173E9,5,23,4,0,0,0,0,8,,0,S,,1.442330173E9,
,201509230313,1.4429492E9,5,23,4,0,0,0,0,8,,0,S,,1.4429492E9,
,201509251455,1.443164142E9,5,22,4,0,0,0,0,8,,0,S,,1.443164142E9,
,201509121637,1.442047035E9,5,23,4,0,0,0,0,8,,0,S,,1.442047035E9,
,201509131113,1.44211398E9,5,23,4,0,0,0,0,8,,0,S,,1.44211398E9,
,201509300236,1.443551765E9,5,23,4,0,0,0,0,8,,0,S,,1.443551765E9,
,201508102012,1.439208751E9,5,23,4,0,0,0,0,8,,0,S,,1.439208751E9,
,201508111258,1.439269119E9,5,23,4,0,0,0,0,8,,0,S,,1.439269119E9,
,201509120944,1.442022256E9,5,23,4,0,0,0,0,8,,0,S,,1.442022256E9,
,201508062340,1.438875638E9,5,23,4,0,0,0,0,8,,0,S,,1.438875638E9,
,201507271448,1.437979695E9,5,23,4,0,0,0,0,8,,0,S,,1.437979695E9,
,201509060556,1.441490168E9,5,23,4,0,0,0,0,8,,0,S,,1.441490168E9,
,201509282258,1.443452292E9,5,23,4,0,0,0,0,8,,0,S,,1.443452292E9,
,201507271430,1.437978634E9,5,23,4,0,0,0,0,8,,0,S,,1.437978634E9,
,201509071837,1.441622237E9,5,23,4,0,0,0,0,8,,0,S,,1.441622237E9,
,201508021643,1.438505019E9,5,23,4,0,0,0,0,8,,0,S,,1.438505019E9,
,201508021643,1.438505023E9,5,23,4,0,0,0,0,8,,0,S,,1.438505023E9,
,201507270024,1.437927859E9,5,23,4,0,0,0,0,8,,0,S,,1.437927859E9,
,201508072242,1.438958551E9,5,23,4,0,0,0,0,8,,0,S,,1.438958551E9,
,201507300510,1.438204223E9,5,23,4,0,0,0,0,8,,0,S,,1.438204223E9,
,201509061652,1.441529562E9,5,23,4,0,0,0,0,8,,0,S,,1.441529562E9,
,201509052044,1.441457069E9,5,23,4,0,0,0,0,8,,0,S,,1.441457069E9,
,201509120413,1.442002413E9,5,23,4,0,0,0,0,8,,0,S,,1.442002413E9,
,201507290124,1.438104291E9,5,23,4,0,0,0,0,8,,0,S,,1.438104291E9,
,201508290416,1.440793011E9,5,23,4,0,0,0,0,8,,0,S,,1.440793011E9,
,201508311129,1.440991746E9,5,23,4,0,0,0,0,8,,0,S,,1.440991746E9,
,201508070014,1.438877671E9,5,23,4,0,0,0,0,8,,0,S,,1.438877671E9,
,201509150125,1.442251511E9,5,23,4,0,0,0,0,8,,0,S,,1.442251511E9,
,201509231833,1.443004437E9,5,23,4,0,0,0,0,8,,0,S,,1.443004437E9,
,201509091000,1.441764012E9,5,23,4,0,0,0,0,8,,0,S,,1.441764012E9,
,201508262107,1.440594442E9,5,23,4,0,0,0,0,8,,0,S,,1.440594442E9,
,201509261554,1.443254083E9,5,23,4,0,0,0,0,8,,0,S,,1.443254083E9,
,201509230241,1.442947302E9,5,23,4,0,0,0,0,8,,0,S,,1.442947302E9,
,201509181230,1.442550647E9,5,23,4,0,0,0,0,8,,0,S,,1.442550647E9,
,201509130324,1.442085855E9,5,23,4,0,0,0,0,8,,0,S,,1.442085855E9,
,201509060216,1.441476987E9,5,23,4,0,0,0,0,8,,0,S,,1.441476987E9,
,201508211215,1.440130536E9,5,23,4,0,0,0,0,8,,0,S,,1.440130536E9,
,201509190438,1.442608721E9,5,23,4,0,0,0,0,8,,0,S,,1.442608721E9,
,201509250040,1.443112813E9,5,23,4,0,0,0,0,8,,0,S,,1.443112813E9,
,201507281301,1.438059664E9,5,23,4,0,0,0,0,8,,0,S,,1.438059664E9,
,201509251919,1.443179985E9,5,23,4,0,0,0,0,8,,0,S,,1.443179985E9,
,201509290439,1.443472778E9,5,23,4,0,0,0,0,8,,0,S,,1.443472778E9,
,201509271037,1.443321423E9,5,23,4,0,0,0,0,8,,0,S,,1.443321423E9,
,201508131126,1.439436366E9,5,23,4,0,0,0,0,8,,0,S,,1.439436366E9,
,201507310008,1.438272486E9,5,23,4,0,0,0,0,8,,0,S,,1.438272486E9,
,201509151110,1.442286619E9,5,23,4,0,0,0,0,8,,0,S,,1.442286619E9,
,201509040618,1.441318702E9,5,23,4,0,0,0,0,8,,0,S,,1.441318702E9,
,201507251942,1.437824543E9,5,23,4,0,0,0,0,8,,0,S,,1.437824543E9,
,201509130331,1.44208629E9,5,23,4,0,0,0,0,8,,0,S,,1.44208629E9,
,201508252308,1.440515331E9,5,23,4,0,0,0,0,8,,0,S,,1.440515331E9,
,201509060628,1.441492126E9,5,23,4,0,0,0,0,8,,0,S,,1.441492126E9,
,201509241428,1.443076119E9,5,23,4,0,0,0,0,8,,0,S,,1.443076119E9,
,201509071927,1.441625272E9,5,23,4,0,0,0,0,8,,0,S,,1.441625272E9,
,201508120226,1.439317564E9,5,23,4,0,0,0,0,8,,0,S,,1.439317564E9,
,201508140038,1.439483929E9,5,23,4,0,0,0,0,8,,0,S,,1.439483929E9,
,201508281445,1.440744314E9,5,23,4,0,0,0,0,8,,0,S,,1.440744314E9,
,201508131110,1.439435458E9,5,23,4,0,0,0,0,8,,0,S,,1.439435458E9,
,201508070854,1.43890885E9,5,23,4,0,0,0,0,8,,0,S,,1.43890885E9,
,201507241414,1.437718459E9,5,23,4,0,0,0,0,8,,0,S,,1.437718459E9,
,201509040630,1.441319416E9,5,23,4,0,0,0,0,8,,0,S,,1.441319416E9,
,201509082337,1.441726669E9,5,23,4,0,0,0,0,8,,0,S,,1.441726669E9,
,201507212132,1.437485569E9,5,23,4,0,0,0,0,8,,0,S,,1.437485569E9,
,201509181234,1.442550875E9,5,23,4,0,0,0,0,8,,0,S,,1.442550875E9,
,201509231140,1.442979615E9,5,22,4,0,0,0,0,8,,0,S,,1.442979615E9,
,201509181302,1.442552558E9,5,23,4,0,0,0,0,8,,0,S,,1.442552558E9,
,201509090903,1.441760591E9,5,23,4,0,0,0,0,8,,0,S,,1.441760591E9,
,201507231023,1.437618196E9,5,23,4,0,0,0,0,8,,0,S,,1.437618196E9,
,201509010647,1.441061279E9,5,23,4,0,0,0,0,8,,0,S,,1.441061279E9,
,201509151719,1.44230876E9,5,23,4,0,0,0,0,8,,0,S,,1.44230876E9,
,201508122224,1.439389449E9,5,23,4,0,0,0,0,8,,0,S,,1.439389449E9,
,201508231248,1.440305314E9,5,23,4,0,0,0,0,8,,0,S,,1.440305314E9,
,201508181530,1.439883011E9,5,23,4,0,0,0,0,8,,0,S,,1.439883011E9,
,201508241101,1.440385318E9,5,23,4,0,0,0,0,8,,0,S,,1.440385318E9,
,201509201137,1.442720223E9,5,23,4,0,0,0,0,8,,0,S,,1.442720223E9,
,201509141928,1.442230116E9,5,23,4,0,0,0,0,8,,0,S,,1.442230116E9,
,201509280207,1.443377222E9,5,23,4,0,0,0,0,8,,0,S,,1.443377222E9,
,201508120236,1.439318174E9,5,23,4,0,0,0,0,8,,0,S,,1.439318174E9,
,201509262159,1.443275978E9,5,23,4,0,0,0,0,8,,0,S,,1.443275978E9,
,201509190708,1.442617722E9,5,23,4,0,0,0,0,8,,0,S,,1.442617722E9,
,201509260739,1.443224393E9,5,23,4,0,0,0,0,8,,0,S,,1.443224393E9,
,201509251924,1.443180263E9,5,23,4,0,0,0,0,8,,0,S,,1.443180263E9,
,201508211246,1.440132415E9,5,23,4,0,0,0,0,8,,0,S,,1.440132415E9,
,201508261043,1.440557036E9,5,23,4,0,0,0,0,8,,0,S,,1.440557036E9,
,201507231509,1.437635353E9,5,23,4,0,0,0,0,8,,0,S,,1.437635353E9,
,201507231507,1.437635242E9,5,23,4,0,0,0,0,8,,0,S,,1.437635242E9,
,201508171355,1.439790939E9,5,23,4,0,0,0,0,8,,0,S,,1.439790939E9,
,201508262058,1.440593899E9,5,23,4,0,0,0,0,8,,0,S,,1.440593899E9,
,201509270806,1.44331238E9,5,23,4,0,0,0,0,8,,0,S,,1.44331238E9,
,201509132307,1.442156863E9,5,23,4,0,0,0,0,8,,0,S,,1.442156863E9,
,201509232322,1.443021739E9,5,23,4,0,0,0,0,8,,0,S,,1.443021739E9,
,201509272316,1.443367016E9,5,23,4,0,0,0,0,8,,0,S,,1.443367016E9,
,201509280306,1.443380804E9,5,23,4,0,0,0,0,8,,0,S,,1.443380804E9,
,201508310325,1.440962725E9,5,23,4,0,0,0,0,8,,0,S,,1.440962725E9,
,201509092306,1.441811168E9,5,23,4,0,0,0,0,8,,0,S,,1.441811168E9,
,201509061037,1.441507065E9,5,23,4,0,0,0,0,8,,0,S,,1.441507065E9,
,201509120929,1.442021387E9,5,23,4,0,0,0,0,8,,0,S,,1.442021387E9,
,201507252004,1.437825886E9,5,23,4,0,0,0,0,8,,0,S,,1.437825886E9,
,201509120432,1.442003532E9,5,23,4,0,0,0,0,8,,0,S,,1.442003532E9,
,201509270849,1.443314979E9,5,23,4,0,0,0,0,8,,0,S,,1.443314979E9,
,201509272319,1.443367194E9,5,23,4,0,0,0,0,8,,0,S,,1.443367194E9,
,201509141913,1.442229225E9,5,23,4,0,0,0,0,8,,0,S,,1.442229225E9,
,201508052305,1.438787159E9,5,23,4,0,0,0,0,8,,0,S,,1.438787159E9,
,201508271232,1.440649964E9,5,23,4,0,0,0,0,8,,0,S,,1.440649964E9,
,201509071821,1.441621292E9,5,23,4,0,0,0,0,8,,0,S,,1.441621292E9,
,201509151303,1.442293408E9,5,23,4,0,0,0,0,8,,0,S,,1.442293408E9,
,201509191822,1.442658125E9,5,23,4,0,0,0,0,8,,0,S,,1.442658125E9,
,201509211922,1.44283452E9,5,23,4,0,0,0,0,8,,0,S,,1.44283452E9,
,201508131113,1.43943558E9,5,23,4,0,0,0,0,8,,0,S,,1.43943558E9,
,201509040657,1.44132103E9,5,23,4,0,0,0,0,8,,0,S,,1.44132103E9,
,201509251933,1.443180804E9,5,23,4,0,0,0,0,8,,0,S,,1.443180804E9,
,201509260119,1.443201568E9,5,23,4,0,0,0,0,8,,0,S,,1.443201568E9,
,201509102227,1.441895279E9,5,23,4,0,0,0,0,8,,0,S,,1.441895279E9,
,201508212156,1.440165387E9,5,23,4,0,0,0,0,8,,0,S,,1.440165387E9,
,201508020151,1.438451491E9,5,23,4,0,0,0,0,8,,0,S,,1.438451491E9,
,201508272241,1.440686479E9,5,23,4,0,0,0,0,8,,0,S,,1.440686479E9,
,201509250947,1.443145673E9,5,23,4,0,0,0,0,8,,0,S,,1.443145673E9,
,201508291219,1.440821961E9,5,23,4,0,0,0,0,8,,0,S,,1.440821961E9,
,201509112308,1.441984096E9,5,23,4,0,0,0,0,8,,0,S,,1.441984096E9,
,201509190848,1.442623687E9,5,23,4,0,0,0,0,8,,0,S,,1.442623687E9,
,201508130335,1.439408135E9,5,23,4,0,0,0,0,8,,0,S,,1.439408135E9,
,201509231740,1.443001227E9,5,23,4,0,0,0,0,8,,0,S,,1.443001227E9,
,201508190234,1.439922888E9,5,23,4,0,0,0,0,8,,0,S,,1.439922888E9,
,201508300031,1.440865884E9,5,23,4,0,0,0,0,8,,0,S,,1.440865884E9,
,201509141419,1.442211564E9,5,23,4,0,0,0,0,8,,0,S,,1.442211564E9,
,201508062341,1.43887569E9,5,23,4,0,0,0,0,8,,0,S,,1.43887569E9,
,201509052047,1.441457235E9,5,23,4,0,0,0,0,8,,0,S,,1.441457235E9,
,201508041610,1.438675817E9,5,23,4,0,0,0,0,8,,0,S,,1.438675817E9,
,201509022226,1.441204019E9,5,23,4,0,0,0,0,8,,0,S,,1.441204019E9,
,201509181738,1.442569115E9,5,23,4,0,0,0,0,8,,0,S,,1.442569115E9,
,201509222107,1.442927261E9,5,23,4,0,0,0,0,8,,0,S,,1.442927261E9,
,201509281347,1.443419246E9,5,23,4,0,0,0,0,8,,0,S,,1.443419246E9,
,201509152327,1.442330822E9,5,23,4,0,0,0,0,8,,0,S,,1.442330822E9,
,201509041141,1.441338097E9,5,23,4,0,0,0,0,8,,0,S,,1.441338097E9,
,201507261136,1.43788179E9,5,23,4,0,0,0,0,8,,0,S,,1.43788179E9,
,201509022214,1.441203246E9,5,23,4,0,0,0,0,8,,0,S,,1.441203246E9,
,201508181528,1.439882884E9,5,23,4,0,0,0,0,8,,0,S,,1.439882884E9,
,201508120226,1.439317605E9,5,23,4,0,0,0,0,8,,0,S,,1.439317605E9,
,201508060453,1.438808027E9,5,23,4,0,0,0,0,8,,0,S,,1.438808027E9,
,201507221650,1.437555036E9,5,23,4,0,0,0,0,8,,0,S,,1.437555036E9,
,201507261145,1.437882314E9,5,23,4,0,0,0,0,8,,0,S,,1.437882314E9,
,201508210457,1.440104239E9,5,23,4,0,0,0,0,8,,0,S,,1.440104239E9,
,201509122057,1.442062661E9,5,23,4,0,0,0,0,8,,0,S,,1.442062661E9,
,201508171644,1.439801061E9,5,23,4,0,0,0,0,8,,0,S,,1.439801061E9,
,201507290146,1.438105606E9,5,23,4,0,0,0,0,8,,0,S,,1.438105606E9,
,201507261611,1.437898297E9,5,23,4,0,0,0,0,8,,0,S,,1.437898297E9,
,201509152310,1.442329806E9,5,23,4,0,0,0,0,8,,0,S,,1.442329806E9,
,201509231831,1.443004307E9,5,23,4,0,0,0,0,8,,0,S,,1.443004307E9,
,201508262057,1.440593869E9,5,23,4,0,0,0,0,8,,0,S,,1.440593869E9,
,201509141326,1.442208408E9,5,23,4,0,0,0,0,8,,0,S,,1.442208408E9,
,201509101933,1.441884838E9,5,23,4,0,0,0,0,8,,0,S,,1.441884838E9,
,201507271753,1.437990826E9,5,23,4,0,0,0,0,8,,0,S,,1.437990826E9,
,201509181731,1.442568667E9,5,23,4,0,0,0,0,8,,0,S,,1.442568667E9,
,201509290506,1.443474384E9,5,23,4,0,0,0,0,8,,0,S,,1.443474384E9,
,201509280213,1.443377606E9,5,23,4,0,0,0,0,8,,0,S,,1.443377606E9,
,201509290550,1.443477038E9,5,23,4,0,0,0,0,8,,0,S,,1.443477038E9,
,201508020144,1.438451083E9,5,23,4,0,0,0,0,8,,0,S,,1.438451083E9,
,201508240133,1.440351232E9,5,23,4,0,0,0,0,8,,0,S,,1.440351232E9,
,201508021131,1.438486278E9,5,23,4,0,0,0,0,8,,0,S,,1.438486278E9,
,201507281631,1.438072295E9,5,23,4,0,0,0,0,8,,0,S,,1.438072295E9,
,201508132007,1.439467641E9,5,23,4,0,0,0,0,8,,0,S,,1.439467641E9,
,201509060632,1.441492346E9,5,23,4,0,0,0,0,8,,0,S,,1.441492346E9,
,201509210746,1.442792796E9,5,23,4,0,0,0,0,8,,0,S,,1.442792796E9,
,201508122313,1.43939243E9,5,23,4,0,0,0,0,8,,0,S,,1.43939243E9,
,201509261851,1.443264696E9,5,23,4,0,0,0,0,8,,0,S,,1.443264696E9,
,201508131121,1.439436067E9,5,23,4,0,0,0,0,8,,0,S,,1.439436067E9,
,201509241459,1.443077994E9,5,23,4,0,0,0,0,8,,0,S,,1.443077994E9,
,201509122105,1.442063129E9,5,23,4,0,0,0,0,8,,0,S,,1.442063129E9,
,201509100013,1.441815236E9,5,23,4,0,0,0,0,8,,0,S,,1.441815236E9,
,201509191259,1.442638757E9,5,23,4,0,0,0,0,8,,0,S,,1.442638757E9,
,201509171447,1.442472462E9,5,23,4,0,0,0,0,8,,0,S,,1.442472462E9,
,201508192051,1.439988664E9,5,23,4,0,0,0,0,8,,0,S,,1.439988664E9,
,201507221648,1.437554904E9,5,23,4,0,0,0,0,8,,0,S,,1.437554904E9,
,201509181258,1.442552296E9,5,23,4,0,0,0,0,8,,0,S,,1.442552296E9,
,201509170807,1.442448472E9,5,23,4,0,0,0,0,8,,0,S,,1.442448472E9,
,201509161410,1.442383847E9,5,23,4,0,0,0,0,8,,0,S,,1.442383847E9,
,201509180633,1.442529193E9,5,23,4,0,0,0,0,8,,0,S,,1.442529193E9,
,201508231157,1.440302261E9,5,23,4,0,0,0,0,8,,0,S,,1.440302261E9,
,201508050832,1.438734729E9,5,23,4,0,0,0,0,8,,0,S,,1.438734729E9,
,201507261131,1.437881494E9,5,23,4,0,0,0,0,8,,0,S,,1.437881494E9,
,201508311144,1.440992665E9,5,23,4,0,0,0,0,8,,0,S,,1.440992665E9,
,201509141933,1.442230427E9,5,23,4,0,0,0,0,8,,0,S,,1.442230427E9,
,201509040621,1.441318895E9,5,23,4,0,0,0,0,8,,0,S,,1.441318895E9,
,201508120659,1.439333951E9,5,23,4,0,0,0,0,8,,0,S,,1.439333951E9,
,201509022212,1.441203153E9,5,23,4,0,0,0,0,8,,0,S,,1.441203153E9,
,201508290346,1.440791193E9,5,23,4,0,0,0,0,8,,0,S,,1.440791193E9,
,201509231254,1.442984082E9,5,23,4,0,0,0,0,8,,0,S,,1.442984082E9,
,201509270959,1.443319185E9,5,23,4,0,0,0,0,8,,0,S,,1.443319185E9,
,201509270910,1.443316213E9,5,23,4,0,0,0,0,8,,0,S,,1.443316213E9,
,201509141939,1.442230789E9,5,23,4,0,0,0,0,8,,0,S,,1.442230789E9,
,201509141941,1.442230918E9,5,23,4,0,0,0,0,8,,0,S,,1.442230918E9,
,201507310036,1.438274177E9,5,23,4,0,0,0,0,8,,0,S,,1.438274177E9,
,201508291244,1.440823499E9,5,23,4,0,0,0,0,8,,0,S,,1.440823499E9,
,201509141256,1.442206586E9,5,23,4,0,0,0,0,8,,0,S,,1.442206586E9,
,201508191307,1.439960845E9,5,23,4,0,0,0,0,8,,0,S,,1.439960845E9,
,201508262118,1.440595087E9,5,23,4,0,0,0,0,8,,0,S,,1.440595087E9,
,201507220631,1.437517883E9,5,23,4,0,0,0,0,8,,0,S,,1.437517883E9,
,201509172006,1.442491597E9,5,23,4,0,0,0,0,8,,0,S,,1.442491597E9,
,201509140120,1.442164858E9,5,23,4,0,0,0,0,8,,0,S,,1.442164858E9,
,201509122151,1.442065915E9,5,23,4,0,0,0,0,8,,0,S,,1.442065915E9,
,201507241437,1.437719834E9,5,23,4,0,0,0,0,8,,0,S,,1.437719834E9,
,201507312350,1.438357833E9,5,23,4,0,0,0,0,8,,0,S,,1.438357833E9,
,201507282042,1.438087327E9,5,23,4,0,0,0,0,8,,0,S,,1.438087327E9,
,201507261624,1.437899042E9,5,23,4,0,0,0,0,8,,0,S,,1.437899042E9,
,201509171157,1.442462246E9,5,23,4,0,0,0,0,8,,0,S,,1.442462246E9,
,201508190309,1.439924992E9,5,23,4,0,0,0,0,8,,0,S,,1.439924992E9,
,201509082337,1.441726634E9,5,23,4,0,0,0,0,8,,0,S,,1.441726634E9,
,201508121121,1.439349684E9,5,23,4,0,0,0,0,8,,0,S,,1.439349684E9,
,201508301111,1.440904313E9,5,23,4,0,0,0,0,8,,0,S,,1.440904313E9,
,201509231150,1.442980229E9,5,23,4,0,0,0,0,8,,0,S,,1.442980229E9,
,201509141828,1.442226519E9,5,23,4,0,0,0,0,8,,0,S,,1.442226519E9,
,201509112226,1.441981609E9,5,23,4,0,0,0,0,8,,0,S,,1.441981609E9,
,201508061457,1.438844238E9,5,23,4,0,0,0,0,8,,0,S,,1.438844238E9,
,201508210343,1.440099782E9,5,23,4,0,0,0,0,8,,0,S,,1.440099782E9,
,201509071922,1.441624964E9,5,23,4,0,0,0,0,8,,0,S,,1.441624964E9,
,201508161453,1.439708002E9,5,23,4,0,0,0,0,8,,0,S,,1.439708002E9,
,201509210457,1.442782636E9,5,23,4,0,0,0,0,8,,0,S,,1.442782636E9,
,201509022155,1.441202152E9,5,23,4,0,0,0,0,8,,0,S,,1.441202152E9,
,201508061929,1.438860568E9,5,23,4,0,0,0,0,8,,0,S,,1.438860568E9,
,201508141733,1.439544824E9,5,23,4,0,0,0,0,8,,0,S,,1.439544824E9,
,201507212100,1.437483646E9,5,23,4,0,0,0,0,8,,0,S,,1.437483646E9,
,201508071334,1.438925645E9,5,23,4,0,0,0,0,8,,0,S,,1.438925645E9,
,201509200737,1.442705845E9,5,23,4,0,0,0,0,8,,0,S,,1.442705845E9,
,201509270703,1.443308593E9,5,23,4,0,0,0,0,8,,0,S,,1.443308593E9,
,201509281405,1.443420314E9,5,23,4,0,0,0,0,8,,0,S,,1.443420314E9,
,201509141939,1.442230768E9,5,23,4,0,0,0,0,8,,0,S,,1.442230768E9,
,201509251941,1.443181274E9,5,23,4,0,0,0,0,8,,0,S,,1.443181274E9,
,201508200852,1.440031945E9,5,23,4,0,0,0,0,8,,0,S,,1.440031945E9,
,201509161405,1.442383505E9,5,23,4,0,0,0,0,8,,0,S,,1.442383505E9,
,201508111805,1.439287525E9,5,23,4,0,0,0,0,8,,0,S,,1.439287525E9,
,201509222124,1.442928271E9,5,23,4,0,0,0,0,8,,0,S,,1.442928271E9,
,201508061048,1.438829312E9,5,23,4,0,0,0,0,8,,0,S,,1.438829312E9,
,201508140011,1.439482315E9,5,23,4,0,0,0,0,8,,0,S,,1.439482315E9,
,201509091745,1.441791916E9,5,23,4,0,0,0,0,8,,0,S,,1.441791916E9,
,201507231009,1.437617361E9,5,23,4,0,0,0,0,8,,0,S,,1.437617361E9,
,201509271256,1.443329789E9,5,23,4,0,0,0,0,8,,0,S,,1.443329789E9,
,201509272204,1.443362695E9,5,23,4,0,0,0,0,8,,0,S,,1.443362695E9,
,201509272214,1.443363286E9,5,23,4,0,0,0,0,8,,0,S,,1.443363286E9,
,201508240306,1.440356811E9,5,23,4,0,0,0,0,8,,0,S,,1.440356811E9,
,201509021307,1.441170422E9,5,23,4,0,0,0,0,8,,0,S,,1.441170422E9,
,201509231833,1.443004396E9,5,23,4,0,0,0,0,8,,0,S,,1.443004396E9,
,201508300058,1.440867485E9,5,23,4,0,0,0,0,8,,0,S,,1.440867485E9,
,201509302216,1.443622577E9,5,23,4,0,0,0,0,8,,0,S,,1.443622577E9,
,201508311122,1.440991345E9,5,23,4,0,0,0,0,8,,0,S,,1.440991345E9,
,201507291440,1.438152023E9,5,23,4,0,0,0,0,8,,0,S,,1.438152023E9,
,201509270352,1.443297141E9,5,23,4,0,0,0,0,8,,0,S,,1.443297141E9,
,201509192331,1.442676681E9,5,23,4,0,0,0,0,8,,0,S,,1.442676681E9,
,201509131104,1.442113487E9,5,23,4,0,0,0,0,8,,0,S,,1.442113487E9,
,201509261931,1.443267088E9,5,23,4,0,0,0,0,8,,0,S,,1.443267088E9,
,201509270722,1.443309756E9,5,23,4,0,0,0,0,8,,0,S,,1.443309756E9,
,201509281400,1.443420029E9,5,23,4,0,0,0,0,8,,0,S,,1.443420029E9,
,201507261630,1.437899444E9,5,23,4,0,0,0,0,8,,0,S,,1.437899444E9,
,201508170840,1.439772021E9,5,23,4,0,0,0,0,8,,0,S,,1.439772021E9,
,201509141913,1.442229231E9,5,23,4,0,0,0,0,8,,0,S,,1.442229231E9,
,201509192025,1.442665554E9,5,23,4,0,0,0,0,8,,0,S,,1.442665554E9,
,201509030756,1.441238187E9,5,23,4,0,0,0,0,8,,0,S,,1.441238187E9,
,201509181736,1.442569001E9,5,23,4,0,0,0,0,8,,0,S,,1.442569001E9,
,201507302341,1.438270913E9,5,23,4,0,0,0,0,8,,0,S,,1.438270913E9,
,201508170825,1.439771127E9,5,23,4,0,0,0,0,8,,0,S,,1.439771127E9,
,201509261915,1.443266138E9,5,23,4,0,0,0,0,8,,0,S,,1.443266138E9,
,201508041546,1.438674409E9,5,23,4,0,0,0,0,8,,0,S,,1.438674409E9,
,201509210557,1.442786238E9,5,23,4,0,0,0,0,8,,0,S,,1.442786238E9,
,201509191107,1.442632024E9,5,23,4,0,0,0,0,8,,0,S,,1.442632024E9,
,201509120415,1.442002506E9,5,23,4,0,0,0,0,8,,0,S,,1.442002506E9,
,201508050825,1.438734303E9,5,23,4,0,0,0,0,8,,0,S,,1.438734303E9,
,201508061516,1.438845406E9,5,23,4,0,0,0,0,8,,0,S,,1.438845406E9,
,201508142248,1.4395637E9,5,23,4,0,0,0,0,8,,0,S,,1.4395637E9,
,201508231239,1.440304793E9,5,23,4,0,0,0,0,8,,0,S,,1.440304793E9,
,201507291709,1.438160975E9,5,23,4,0,0,0,0,8,,0,S,,1.438160975E9,
,201508052237,1.438785449E9,5,23,4,0,0,0,0,8,,0,S,,1.438785449E9,
,201509151802,1.442311322E9,5,23,4,0,0,0,0,8,,0,S,,1.442311322E9,
,201508312301,1.441033319E9,5,23,4,0,0,0,0,8,,0,S,,1.441033319E9,
,201507281302,1.438059757E9,5,23,4,0,0,0,0,8,,0,S,,1.438059757E9,
,201507280110,1.438017022E9,5,23,4,0,0,0,0,8,,0,S,,1.438017022E9,
,201508120218,1.439317099E9,5,23,4,0,0,0,0,8,,0,S,,1.439317099E9,
,201509220412,1.442866362E9,5,23,4,0,0,0,0,8,,0,S,,1.442866362E9,
,201509042226,1.441376762E9,5,23,4,0,0,0,0,8,,0,S,,1.441376762E9,
,201508130339,1.439408383E9,5,23,4,0,0,0,0,8,,0,S,,1.439408383E9,
,201509091810,1.441793403E9,5,23,4,0,0,0,0,8,,0,S,,1.441793403E9,
,201509210150,1.442771449E9,5,23,4,0,0,0,0,8,,0,S,,1.442771449E9,
,201508161554,1.439711687E9,5,23,4,0,0,0,0,8,,0,S,,1.439711687E9,
,201509270456,1.443301007E9,5,23,4,0,0,0,0,8,,0,S,,1.443301007E9,
,201508051359,1.438754374E9,5,23,4,0,0,0,0,8,,0,S,,1.438754374E9,
,201508260452,1.440535931E9,5,23,4,0,0,0,0,8,,0,S,,1.440535931E9,
,201509060615,1.441491313E9,5,23,4,0,0,0,0,8,,0,S,,1.441491313E9,
,201509290659,1.443481141E9,5,23,4,0,0,0,0,8,,0,S,,1.443481141E9,
,201509130350,1.442087406E9,5,23,4,0,0,0,0,8,,0,S,,1.442087406E9,
,201509131140,1.442115655E9,5,23,4,0,0,0,0,8,,0,S,,1.442115655E9,
,201509010610,1.441059015E9,5,23,4,0,0,0,0,8,,0,S,,1.441059015E9,
,201509200730,1.442705414E9,5,23,4,0,0,0,0,8,,0,S,,1.442705414E9,
,201508142210,1.439561428E9,5,23,4,0,0,0,0,8,,0,S,,1.439561428E9,
,201509290531,1.443475899E9,5,23,4,0,0,0,0,8,,0,S,,1.443475899E9,
,201508131944,1.439466292E9,5,23,4,0,0,0,0,8,,0,S,,1.439466292E9,
,201507281655,1.438073744E9,5,23,4,0,0,0,0,8,,0,S,,1.438073744E9,
,201508181535,1.439883302E9,5,23,4,0,0,0,0,8,,0,S,,1.439883302E9,
,201508051349,1.438753747E9,5,23,4,0,0,0,0,8,,0,S,,1.438753747E9,
,201508190229,1.439922541E9,5,23,4,0,0,0,0,8,,0,S,,1.439922541E9,
,201508211246,1.440132407E9,5,23,4,0,0,0,0,8,,0,S,,1.440132407E9,
,201508191134,1.439955282E9,5,23,4,0,0,0,0,8,,0,S,,1.439955282E9,
,201508291134,1.440819256E9,5,23,4,0,0,0,0,8,,0,S,,1.440819256E9,
,201509231822,1.443003752E9,5,23,4,0,0,0,0,8,,0,S,,1.443003752E9,
,201509190456,1.442609791E9,5,23,4,0,0,0,0,8,,0,S,,1.442609791E9,
,201508201628,1.440059325E9,5,23,4,0,0,0,0,8,,0,S,,1.440059325E9,
,201509180147,1.442512055E9,5,23,4,0,0,0,0,8,,0,S,,1.442512055E9,
,201509121623,1.442046211E9,5,23,4,0,0,0,0,8,,0,S,,1.442046211E9,
,201509142012,1.442232766E9,5,23,4,0,0,0,0,8,,0,S,,1.442232766E9,
,201508270249,1.440614963E9,5,23,4,0,0,0,0,8,,0,S,,1.440614963E9,
,201507231959,1.437652791E9,5,23,4,0,0,0,0,8,,0,S,,1.437652791E9,
,201509271204,1.443326697E9,5,23,4,0,0,0,0,8,,0,S,,1.443326697E9,
,201507291047,1.438138047E9,5,23,4,0,0,0,0,8,,0,S,,1.438138047E9,
,201507290154,1.438106048E9,5,23,4,0,0,0,0,8,,0,S,,1.438106048E9,
,201509191750,1.442656203E9,5,23,4,0,0,0,0,8,,0,S,,1.442656203E9,
,201509190619,1.442614764E9,5,23,4,0,0,0,0,8,,0,S,,1.442614764E9,
,201508210321,1.440098466E9,5,23,4,0,0,0,0,8,,0,S,,1.440098466E9,
,201507291033,1.438137216E9,5,23,4,0,0,0,0,8,,0,S,,1.438137216E9,
,201509100706,1.441839987E9,5,23,4,0,0,0,0,8,,0,S,,1.441839987E9,
,201507212139,1.437485965E9,5,23,4,0,0,0,0,8,,0,S,,1.437485965E9,
,201509250932,1.443144738E9,5,23,4,0,0,0,0,8,,0,S,,1.443144738E9,
,201507261212,1.437883942E9,5,23,4,0,0,0,0,8,,0,S,,1.437883942E9,
,201509291957,1.443527867E9,5,23,4,0,0,0,0,8,,0,S,,1.443527867E9,
,201508212124,1.440163474E9,5,23,4,0,0,0,0,8,,0,S,,1.440163474E9,
,201509290603,1.443477793E9,5,23,4,0,0,0,0,8,,0,S,,1.443477793E9,
,201509091010,1.441764622E9,5,23,4,0,0,0,0,8,,0,S,,1.441764622E9,
,201509121623,1.442046216E9,5,23,4,0,0,0,0,8,,0,S,,1.442046216E9,
,201508161946,1.439725602E9,5,23,4,0,0,0,0,8,,0,S,,1.439725602E9,
,201509210521,1.44278407E9,5,23,4,0,0,0,0,8,,0,S,,1.44278407E9,
,201509290537,1.443476266E9,5,23,4,0,0,0,0,8,,0,S,,1.443476266E9,
,201508262054,1.440593676E9,5,23,4,0,0,0,0,8,,0,S,,1.440593676E9,
,201508252232,1.44051314E9,5,23,4,0,0,0,0,8,,0,S,,1.44051314E9,
,201509270829,1.443313748E9,5,23,4,0,0,0,0,8,,0,S,,1.443313748E9,
,201509141928,1.442230123E9,5,23,4,0,0,0,0,8,,0,S,,1.442230123E9,
,201509290727,1.443482834E9,5,23,4,0,0,0,0,8,,0,S,,1.443482834E9,
,201508220737,1.440200226E9,5,23,4,0,0,0,0,8,,0,S,,1.440200226E9,
,201508312336,1.441035388E9,5,23,4,0,0,0,0,8,,0,S,,1.441035388E9,
,201509200812,1.442707928E9,5,23,4,0,0,0,0,8,,0,S,,1.442707928E9,
,201508162007,1.439726826E9,5,23,4,0,0,0,0,8,,0,S,,1.439726826E9,
,201508140728,1.439508496E9,5,23,4,0,0,0,0,8,,0,S,,1.439508496E9,
,201508031426,1.438583191E9,5,23,4,0,0,0,0,8,,0,S,,1.438583191E9,
,201509152325,1.442330727E9,5,23,4,0,0,0,0,8,,0,S,,1.442330727E9,
,201508072242,1.438958566E9,5,23,4,0,0,0,0,8,,0,S,,1.438958566E9,
,201509141433,1.442212408E9,5,23,4,0,0,0,0,8,,0,S,,1.442212408E9,
,201508151019,1.439605187E9,5,23,4,0,0,0,0,8,,0,S,,1.439605187E9,
,201509201943,1.442749398E9,5,23,4,0,0,0,0,8,,0,S,,1.442749398E9,
,201508220759,1.440201572E9,5,23,4,0,0,0,0,8,,0,S,,1.440201572E9,
,201509162018,1.442405936E9,5,23,4,0,0,0,0,8,,0,S,,1.442405936E9,
,201509241433,1.443076429E9,5,23,4,0,0,0,0,8,,0,S,,1.443076429E9,
,201509012042,1.441111341E9,5,23,4,0,0,0,0,8,,0,S,,1.441111341E9,
,201509180030,1.442507418E9,5,23,4,0,0,0,0,8,,0,S,,1.442507418E9,
,201508110006,1.439222787E9,5,22,4,0,0,0,0,8,,0,S,,1.439222787E9,
,201509271537,1.443339439E9,5,23,4,0,0,0,0,8,,0,S,,1.443339439E9,
,201509100732,1.441841543E9,5,23,4,0,0,0,0,8,,0,S,,1.441841543E9,
,201508162357,1.439740651E9,5,23,4,0,0,0,0,8,,0,S,,1.439740651E9,
,201509150242,1.442256135E9,5,23,4,0,0,0,0,8,,0,S,,1.442256135E9,
,201507261636,1.437899815E9,5,23,4,0,0,0,0,8,,0,S,,1.437899815E9,
,201508300011,1.440864704E9,5,23,4,0,0,0,0,8,,0,S,,1.440864704E9,
,201508161538,1.439710704E9,5,23,4,0,0,0,0,8,,0,S,,1.439710704E9,
,201509230250,1.4429478E9,5,23,4,0,0,0,0,8,,0,S,,1.4429478E9,
,201509230252,1.442947942E9,5,23,4,0,0,0,0,8,,0,S,,1.442947942E9,
,201508090807,1.439078846E9,5,23,4,0,0,0,0,8,,0,S,,1.439078846E9,
,201509181749,1.442569794E9,5,23,4,0,0,0,0,8,,0,S,,1.442569794E9,
,201509262001,1.443268866E9,5,23,4,0,0,0,0,8,,0,S,,1.443268866E9,
,201509281413,1.443420835E9,5,23,4,0,0,0,0,8,,0,S,,1.443420835E9,
,201508071312,1.438924375E9,5,23,4,0,0,0,0,8,,0,S,,1.438924375E9,
,201507212129,1.437485341E9,5,23,4,0,0,0,0,8,,0,S,,1.437485341E9,
,201508021639,1.438504743E9,5,23,4,0,0,0,0,8,,0,S,,1.438504743E9,
,201509180622,1.442528546E9,5,23,4,0,0,0,0,8,,0,S,,1.442528546E9,
,201509122058,1.44206268E9,5,23,4,0,0,0,0,8,,0,S,,1.44206268E9,
,201509141854,1.44222808E9,5,23,4,0,0,0,0,8,,0,S,,1.44222808E9,
,201508111302,1.439269343E9,5,23,4,0,0,0,0,8,,0,S,,1.439269343E9,
,201507220611,1.437516677E9,5,23,4,0,0,0,0,8,,0,S,,1.437516677E9,
,201508270311,1.440616273E9,5,23,4,0,0,0,0,8,,0,S,,1.440616273E9,
,201508190227,1.439922465E9,5,23,4,0,0,0,0,8,,0,S,,1.439922465E9,
,201508140008,1.439482098E9,5,23,4,0,0,0,0,8,,0,S,,1.439482098E9,
,201507292352,1.438185157E9,5,23,4,0,0,0,0,8,,0,S,,1.438185157E9,
,201509141926,1.442230009E9,5,23,4,0,0,0,0,8,,0,S,,1.442230009E9,
,201509090909,1.441760945E9,5,23,4,0,0,0,0,8,,0,S,,1.441760945E9,
,201508301110,1.440904215E9,5,23,4,0,0,0,0,8,,0,S,,1.440904215E9,
,201508142251,1.439563912E9,5,23,4,0,0,0,0,8,,0,S,,1.439563912E9,
,201509092309,1.441811359E9,5,23,4,0,0,0,0,8,,0,S,,1.441811359E9,
,201509050453,1.441399985E9,5,23,4,0,0,0,0,8,,0,S,,1.441399985E9,
,201508291224,1.440822283E9,5,23,4,0,0,0,0,8,,0,S,,1.440822283E9,
,201508170843,1.439772192E9,5,23,4,0,0,0,0,8,,0,S,,1.439772192E9,
,201508021120,1.438485646E9,5,23,4,0,0,0,0,8,,0,S,,1.438485646E9,
,201509131146,1.442115963E9,5,23,4,0,0,0,0,8,,0,S,,1.442115963E9,
,201509190853,1.442624003E9,5,23,4,0,0,0,0,8,,0,S,,1.442624003E9,
,201509191949,1.442663391E9,5,23,4,0,0,0,0,8,,0,S,,1.442663391E9,
,201508080402,1.43897772E9,5,23,4,0,0,0,0,8,,0,S,,1.43897772E9,
,201508120238,1.43931828E9,5,23,4,0,0,0,0,8,,0,S,,1.43931828E9,
,201508031355,1.438581329E9,5,23,4,0,0,0,0,8,,0,S,,1.438581329E9,
,201508111756,1.439287002E9,5,23,4,0,0,0,0,8,,0,S,,1.439287002E9,
,201509250942,1.443145342E9,5,23,4,0,0,0,0,8,,0,S,,1.443145342E9,
,201508070831,1.438907477E9,5,23,4,0,0,0,0,8,,0,S,,1.438907477E9,
,201509052045,1.441457104E9,5,23,4,0,0,0,0,8,,0,S,,1.441457104E9,
,201509272247,1.443365276E9,5,23,4,0,0,0,0,8,,0,S,,1.443365276E9,
,201507290019,1.438100375E9,5,23,4,0,0,0,0,8,,0,S,,1.438100375E9,
,201509210425,1.442780731E9,5,23,4,0,0,0,0,8,,0,S,,1.442780731E9,
,201509290359,1.443470385E9,5,23,4,0,0,0,0,8,,0,S,,1.443470385E9,
,201508291725,1.440840317E9,5,23,4,0,0,0,0,8,,0,S,,1.440840317E9,
,201509110451,1.441918288E9,5,23,4,0,0,0,0,8,,0,S,,1.441918288E9,
,201509161317,1.442380636E9,5,23,4,0,0,0,0,8,,0,S,,1.442380636E9,
,201509200823,1.442708634E9,5,23,4,0,0,0,0,8,,0,S,,1.442708634E9,
,201509152351,1.442332315E9,5,23,4,0,0,0,0,8,,0,S,,1.442332315E9,
,201509210540,1.442785228E9,5,23,4,0,0,0,0,8,,0,S,,1.442785228E9,
,201508161109,1.439694598E9,5,23,4,0,0,0,0,8,,0,S,,1.439694598E9,
,201507271432,1.437978721E9,5,23,4,0,0,0,0,8,,0,S,,1.437978721E9,
,201508061450,1.438843835E9,5,23,4,0,0,0,0,8,,0,S,,1.438843835E9,
,201509270515,1.443302139E9,5,23,4,0,0,0,0,8,,0,S,,1.443302139E9,
,201508221925,1.440242727E9,5,23,4,0,0,0,0,8,,0,S,,1.440242727E9,
,201508161952,1.43972596E9,5,23,4,0,0,0,0,8,,0,S,,1.43972596E9,
,201509080648,1.441666103E9,5,23,4,0,0,0,0,8,,0,S,,1.441666103E9,
,201508212153,1.440165238E9,5,23,4,0,0,0,0,8,,0,S,,1.440165238E9,
,201508010700,1.438383658E9,5,23,4,0,0,0,0,8,,0,S,,1.438383658E9,
,201509141419,1.442211543E9,5,23,4,0,0,0,0,8,,0,S,,1.442211543E9,
,201509280147,1.44337607E9,5,23,4,0,0,0,0,8,,0,S,,1.44337607E9,
,201509190540,1.442612458E9,5,23,4,0,0,0,0,8,,0,S,,1.442612458E9,
,201509290445,1.44347313E9,5,23,4,0,0,0,0,8,,0,S,,1.44347313E9,
,201508141345,1.4395311E9,5,23,4,0,0,0,0,8,,0,S,,1.4395311E9,
,201508252255,1.440514502E9,5,23,4,0,0,0,0,8,,0,S,,1.440514502E9,
,201508290410,1.440792603E9,5,23,4,0,0,0,0,8,,0,S,,1.440792603E9,
,201509180109,1.442509762E9,5,23,4,0,0,0,0,8,,0,S,,1.442509762E9,
,201509092311,1.441811479E9,5,23,4,0,0,0,0,8,,0,S,,1.441811479E9,
,201508042049,1.438692588E9,5,23,4,0,0,0,0,8,,0,S,,1.438692588E9,
,201509091716,1.441790181E9,5,23,4,0,0,0,0,8,,0,S,,1.441790181E9,
,201509100725,1.441841136E9,5,23,4,0,0,0,0,8,,0,S,,1.441841136E9,
,201508192044,1.439988288E9,5,23,4,0,0,0,0,8,,0,S,,1.439988288E9,
,201509120948,1.44202252E9,5,23,4,0,0,0,0,8,,0,S,,1.44202252E9,
,201509151721,1.442308868E9,5,23,4,0,0,0,0,8,,0,S,,1.442308868E9,
,201509121611,1.442045492E9,5,23,4,0,0,0,0,8,,0,S,,1.442045492E9,
,201509170820,1.442449249E9,5,23,4,0,0,0,0,8,,0,S,,1.442449249E9,
,201509170753,1.442447624E9,5,23,4,0,0,0,0,8,,0,S,,1.442447624E9,
,201509142256,1.442242603E9,5,23,4,0,0,0,0,8,,0,S,,1.442242603E9,
,201508251834,1.440498841E9,5,23,4,0,0,0,0,8,,0,S,,1.440498841E9,
,201509290756,1.443484577E9,5,23,4,0,0,0,0,8,,0,S,,1.443484577E9,
,201509270611,1.443305502E9,5,23,4,0,0,0,0,8,,0,S,,1.443305502E9,
,201508021628,1.438504129E9,5,23,4,0,0,0,0,8,,0,S,,1.438504129E9,
,201508142321,1.439565662E9,5,23,4,0,0,0,0,8,,0,S,,1.439565662E9,
,201508251828,1.440498529E9,5,23,4,0,0,0,0,8,,0,S,,1.440498529E9,
,201509142344,1.442245474E9,5,23,4,0,0,0,0,8,,0,S,,1.442245474E9,
,201508181514,1.43988204E9,5,23,4,0,0,0,0,8,,0,S,,1.43988204E9,
,201508031431,1.438583502E9,5,23,4,0,0,0,0,8,,0,S,,1.438583502E9,
,201509162037,1.442407049E9,5,23,4,0,0,0,0,8,,0,S,,1.442407049E9,
,201509280219,1.443377952E9,5,23,4,0,0,0,0,8,,0,S,,1.443377952E9,
,201509152340,1.442331634E9,5,23,4,0,0,0,0,8,,0,S,,1.442331634E9,
,201509151720,1.442308833E9,5,23,4,0,0,0,0,8,,0,S,,1.442308833E9,
,201509231246,1.44298358E9,5,23,4,0,0,0,0,8,,0,S,,1.44298358E9,
,201509270752,1.443311578E9,5,23,4,0,0,0,0,8,,0,S,,1.443311578E9,
,201508072220,1.438957249E9,5,23,4,0,0,0,0,8,,0,S,,1.438957249E9,
,201509280050,1.443372603E9,5,23,4,0,0,0,0,8,,0,S,,1.443372603E9,
,201507280150,1.438019424E9,5,23,4,0,0,0,0,8,,0,S,,1.438019424E9,
,201508252222,1.440512558E9,5,23,4,0,0,0,0,8,,0,S,,1.440512558E9,
,201509271103,1.443322992E9,5,23,4,0,0,0,0,8,,0,S,,1.443322992E9,
,201509091827,1.441794468E9,5,23,4,0,0,0,0,8,,0,S,,1.441794468E9,
,201509151103,1.442286188E9,5,23,4,0,0,0,0,8,,0,S,,1.442286188E9,
,201509120340,1.442000411E9,5,23,4,0,0,0,0,8,,0,S,,1.442000411E9,
,201508291139,1.440819554E9,5,23,4,0,0,0,0,8,,0,S,,1.440819554E9,
,201509120914,1.442020457E9,5,23,4,0,0,0,0,8,,0,S,,1.442020457E9,
,201509061022,1.441506174E9,5,23,4,0,0,0,0,8,,0,S,,1.441506174E9,
,201509190632,1.442615522E9,5,23,4,0,0,0,0,8,,0,S,,1.442615522E9,
,201509270404,1.443297849E9,5,23,4,0,0,0,0,8,,0,S,,1.443297849E9,
,201508181516,1.439882184E9,5,23,4,0,0,0,0,8,,0,S,,1.439882184E9,
,201509141935,1.442230515E9,5,23,4,0,0,0,0,8,,0,S,,1.442230515E9,
,201508081321,1.439011298E9,5,23,4,0,0,0,0,8,,0,S,,1.439011298E9,
,201509010447,1.441054024E9,5,23,4,0,0,0,0,8,,0,S,,1.441054024E9,
,201507302347,1.43827124E9,5,23,4,0,0,0,0,8,,0,S,,1.43827124E9,
,201508162358,1.439740699E9,5,23,4,0,0,0,0,8,,0,S,,1.439740699E9,
,201509192018,1.442665104E9,5,23,4,0,0,0,0,8,,0,S,,1.442665104E9,
,201508052300,1.438786844E9,5,23,4,0,0,0,0,8,,0,S,,1.438786844E9,
,201509270408,1.443298133E9,5,23,4,0,0,0,0,8,,0,S,,1.443298133E9,
,201508291159,1.44082074E9,5,23,4,0,0,0,0,8,,0,S,,1.44082074E9,
,201509232355,1.443023747E9,5,23,4,0,0,0,0,8,,0,S,,1.443023747E9,
,201509271156,1.443326165E9,5,23,4,0,0,0,0,8,,0,S,,1.443326165E9,
,201509271547,1.443340027E9,5,23,4,0,0,0,0,8,,0,S,,1.443340027E9,
,201507221707,1.437556059E9,5,23,4,0,0,0,0,8,,0,S,,1.437556059E9,
,201509041149,1.441338583E9,5,23,4,0,0,0,0,8,,0,S,,1.441338583E9,
,201509251946,1.443181606E9,5,23,4,0,0,0,0,8,,0,S,,1.443181606E9,
,201509122138,1.442065112E9,5,23,4,0,0,0,0,8,,0,S,,1.442065112E9,
,201509052008,1.44145491E9,5,23,4,0,0,0,0,8,,0,S,,1.44145491E9,
,201507232027,1.437654447E9,5,23,4,0,0,0,0,8,,0,S,,1.437654447E9,
,201509250931,1.443144699E9,5,23,4,0,0,0,0,8,,0,S,,1.443144699E9,
,201509240632,1.443047553E9,5,23,4,0,0,0,0,8,,0,S,,1.443047553E9,
,201509231830,1.443004243E9,5,23,4,0,0,0,0,8,,0,S,,1.443004243E9,
,201508121200,1.439352041E9,5,23,4,0,0,0,0,8,,0,S,,1.439352041E9,
,201508161554,1.439711652E9,5,23,4,0,0,0,0,8,,0,S,,1.439711652E9,
,201509250038,1.443112733E9,5,23,4,0,0,0,0,8,,0,S,,1.443112733E9,
,201509231752,1.443001926E9,5,23,4,0,0,0,0,8,,0,S,,1.443001926E9,
,201509180625,1.442528704E9,5,23,4,0,0,0,0,8,,0,S,,1.442528704E9,
,201509112219,1.441981145E9,5,23,4,0,0,0,0,8,,0,S,,1.441981145E9,
,201509220233,1.442860436E9,5,23,4,0,0,0,0,8,,0,S,,1.442860436E9,
,201509191828,1.442658489E9,5,23,4,0,0,0,0,8,,0,S,,1.442658489E9,
,201508190218,1.439921886E9,5,23,4,0,0,0,0,8,,0,S,,1.439921886E9,
,201508161544,1.439711097E9,5,23,4,0,0,0,0,8,,0,S,,1.439711097E9,
,201508180226,1.439835961E9,5,23,4,0,0,0,0,8,,0,S,,1.439835961E9,
,201509210529,1.442784579E9,5,23,4,0,0,0,0,8,,0,S,,1.442784579E9,
,201509210524,1.442784263E9,5,23,4,0,0,0,0,8,,0,S,,1.442784263E9,
,201509270732,1.443310346E9,5,23,4,0,0,0,0,8,,0,S,,1.443310346E9,
,201508150336,1.439580977E9,5,23,4,0,0,0,0,8,,0,S,,1.439580977E9,
,201509112222,1.441981357E9,5,23,4,0,0,0,0,8,,0,S,,1.441981357E9,
,201509141245,1.442205931E9,5,23,4,0,0,0,0,8,,0,S,,1.442205931E9,
,201508112128,1.439299714E9,5,23,4,0,0,0,0,8,,0,S,,1.439299714E9,
,201508021633,1.438504433E9,5,23,4,0,0,0,0,8,,0,S,,1.438504433E9,
,201508170023,1.43974223E9,5,23,4,0,0,0,0,8,,0,S,,1.43974223E9,
,201508161950,1.439725839E9,5,23,4,0,0,0,0,8,,0,S,,1.439725839E9,
,201508071338,1.438925906E9,5,23,4,0,0,0,0,8,,0,S,,1.438925906E9,
,201507231037,1.437619042E9,5,23,4,0,0,0,0,8,,0,S,,1.437619042E9,
,201508260449,1.440535784E9,5,23,4,0,0,0,0,8,,0,S,,1.440535784E9,
,201508251854,1.440500052E9,5,23,4,0,0,0,0,8,,0,S,,1.440500052E9,
,201509180131,1.442511111E9,5,23,4,0,0,0,0,8,,0,S,,1.442511111E9,
,201509282321,1.443453685E9,5,23,4,0,0,0,0,8,,0,S,,1.443453685E9,
,201507251943,1.437824591E9,5,23,4,0,0,0,0,8,,0,S,,1.437824591E9,
,201509210513,1.44278363E9,5,23,4,0,0,0,0,8,,0,S,,1.44278363E9,
,201509200733,1.442705598E9,5,23,4,0,0,0,0,8,,0,S,,1.442705598E9,
,201509082240,1.441723211E9,5,23,4,0,0,0,0,8,,0,S,,1.441723211E9,
,201507270019,1.437927588E9,5,23,4,0,0,0,0,8,,0,S,,1.437927588E9,
,201508280929,1.440725342E9,5,23,4,0,0,0,0,8,,0,S,,1.440725342E9,
,201508251853,1.44050002E9,5,23,4,0,0,0,0,8,,0,S,,1.44050002E9,
,201508202110,1.440076258E9,5,23,4,0,0,0,0,8,,0,S,,1.440076258E9,
,201509060614,1.441491253E9,5,23,4,0,0,0,0,8,,0,S,,1.441491253E9,
,201509052035,1.441456551E9,5,23,4,0,0,0,0,8,,0,S,,1.441456551E9,
,201507291402,1.438149735E9,5,23,4,0,0,0,0,8,,0,S,,1.438149735E9,
,201508311807,1.441015622E9,5,23,4,0,0,0,0,8,,0,S,,1.441015622E9,
,201507271052,1.437965567E9,5,23,4,0,0,0,0,8,,0,S,,1.437965567E9,
,201509210509,1.442783352E9,5,23,4,0,0,0,0,8,,0,S,,1.442783352E9,
,201509250014,1.443111243E9,5,23,4,0,0,0,0,8,,0,S,,1.443111243E9,
,201508141735,1.439544946E9,5,23,4,0,0,0,0,8,,0,S,,1.439544946E9,
,201508280844,1.440722682E9,5,23,4,0,0,0,0,8,,0,S,,1.440722682E9,
,201508291234,1.440822888E9,5,23,4,0,0,0,0,8,,0,S,,1.440822888E9,
,201509210544,1.442785455E9,5,23,4,0,0,0,0,8,,0,S,,1.442785455E9,
,201508161456,1.439708175E9,5,23,4,0,0,0,0,8,,0,S,,1.439708175E9,
,201508212137,1.44016424E9,5,23,4,0,0,0,0,8,,0,S,,1.44016424E9,
,201508170003,1.439740996E9,5,23,4,0,0,0,0,8,,0,S,,1.439740996E9,
,201509220204,1.442858673E9,5,23,4,0,0,0,0,8,,0,S,,1.442858673E9,
,201508170010,1.439741448E9,5,23,4,0,0,0,0,8,,0,S,,1.439741448E9,
,201509131237,1.442119064E9,5,23,4,0,0,0,0,8,,0,S,,1.442119064E9,
,201509141426,1.442211998E9,5,23,4,0,0,0,0,8,,0,S,,1.442211998E9,
,201509290230,1.443465019E9,5,23,4,0,0,0,0,8,,0,S,,1.443465019E9,
,201509271134,1.443324875E9,5,23,4,0,0,0,0,8,,0,S,,1.443324875E9,
,201509261519,1.443251966E9,5,23,4,0,0,0,0,8,,0,S,,1.443251966E9,
,201509290724,1.443482666E9,5,23,4,0,0,0,0,8,,0,S,,1.443482666E9,
,201508081332,1.439011934E9,5,23,4,0,0,0,0,8,,0,S,,1.439011934E9,
,201507261616,1.437898589E9,5,23,4,0,0,0,0,8,,0,S,,1.437898589E9,
,201508022219,1.438525193E9,5,23,4,0,0,0,0,8,,0,S,,1.438525193E9,
,201507261209,1.437883787E9,5,23,4,0,0,0,0,8,,0,S,,1.437883787E9,
,201509062358,1.44155512E9,5,23,4,0,0,0,0,8,,0,S,,1.44155512E9,
,201509271238,1.443328727E9,5,23,4,0,0,0,0,8,,0,S,,1.443328727E9,
,201509210435,1.442781345E9,5,23,4,0,0,0,0,8,,0,S,,1.442781345E9,
,201509272147,1.443361677E9,5,23,4,0,0,0,0,8,,0,S,,1.443361677E9,
,201508041248,1.438663711E9,5,23,4,0,0,0,0,8,,0,S,,1.438663711E9,
,201508041229,1.438662588E9,5,23,4,0,0,0,0,8,,0,S,,1.438662588E9,
,201508262050,1.440593406E9,5,23,4,0,0,0,0,8,,0,S,,1.440593406E9,
,201509181737,1.442569064E9,5,23,4,0,0,0,0,8,,0,S,,1.442569064E9,
,201508181504,1.439881497E9,5,23,4,0,0,0,0,8,,0,S,,1.439881497E9,
,201508190220,1.439922021E9,5,23,4,0,0,0,0,8,,0,S,,1.439922021E9,
,201508202117,1.440076675E9,5,23,4,0,0,0,0,8,,0,S,,1.440076675E9,
,201509032141,1.441287681E9,5,23,4,0,0,0,0,8,,0,S,,1.441287681E9,
,201508202126,1.440077184E9,5,23,4,0,0,0,0,8,,0,S,,1.440077184E9,
,201508291226,1.44082237E9,5,23,4,0,0,0,0,8,,0,S,,1.44082237E9,
,201509141937,1.442230635E9,5,23,4,0,0,0,0,8,,0,S,,1.442230635E9,
,201509241938,1.44309468E9,5,23,4,0,0,0,0,8,,0,S,,1.44309468E9,
,201509171419,1.442470796E9,5,23,4,0,0,0,0,8,,0,S,,1.442470796E9,
,201508061441,1.438843284E9,5,23,4,0,0,0,0,8,,0,S,,1.438843284E9,
,201508021609,1.438502944E9,5,23,4,0,0,0,0,8,,0,S,,1.438502944E9,
,201509141931,1.442230273E9,5,23,4,0,0,0,0,8,,0,S,,1.442230273E9,
,201508021643,1.43850501E9,5,23,4,0,0,0,0,8,,0,S,,1.43850501E9,
,201507291105,1.438139113E9,5,23,4,0,0,0,0,8,,0,S,,1.438139113E9,
,201508210407,1.440101263E9,5,23,4,0,0,0,0,8,,0,S,,1.440101263E9,
,201509151729,1.44230939E9,5,23,4,0,0,0,0,8,,0,S,,1.44230939E9,
,201508102359,1.439222357E9,5,23,4,0,0,0,0,8,,0,S,,1.439222357E9,
,201509022212,1.441203157E9,5,23,4,0,0,0,0,8,,0,S,,1.441203157E9,
,201508312321,1.441034516E9,5,23,4,0,0,0,0,8,,0,S,,1.441034516E9,
,201509260055,1.443200142E9,5,23,4,0,0,0,0,8,,0,S,,1.443200142E9,
,201509151734,1.442309693E9,5,23,4,0,0,0,0,8,,0,S,,1.442309693E9,
,201509122100,1.442062808E9,5,23,4,0,0,0,0,8,,0,S,,1.442062808E9,
,201508302226,1.440944813E9,5,23,4,0,0,0,0,8,,0,S,,1.440944813E9,
,201509131245,1.442119518E9,5,23,4,0,0,0,0,8,,0,S,,1.442119518E9,
,201509131222,1.442118145E9,5,23,4,0,0,0,0,8,,0,S,,1.442118145E9,
,201507271750,1.437990655E9,5,23,4,0,0,0,0,8,,0,S,,1.437990655E9,
,201509251000,1.443146447E9,5,23,4,0,0,0,0,8,,0,S,,1.443146447E9,
,201508140046,1.439484379E9,5,23,4,0,0,0,0,8,,0,S,,1.439484379E9,
,201507310843,1.438303391E9,5,23,4,0,0,0,0,8,,0,S,,1.438303391E9,
,201509290355,1.443470158E9,5,23,4,0,0,0,0,8,,0,S,,1.443470158E9,
,201508262108,1.440594532E9,5,23,4,0,0,0,0,8,,0,S,,1.440594532E9,
,201507212144,1.437486253E9,5,23,4,0,0,0,0,8,,0,S,,1.437486253E9,
,201509230242,1.442947341E9,5,23,4,0,0,0,0,8,,0,S,,1.442947341E9,
,201509281134,1.443411246E9,5,23,4,0,0,0,0,8,,0,S,,1.443411246E9,
,201508210428,1.44010248E9,5,23,4,0,0,0,0,8,,0,S,,1.44010248E9,
,201509250026,1.443111978E9,5,23,4,0,0,0,0,8,,0,S,,1.443111978E9,
,201508271619,1.440663595E9,5,23,4,0,0,0,0,8,,0,S,,1.440663595E9,
,201509151243,1.442292231E9,5,23,4,0,0,0,0,8,,0,S,,1.442292231E9,
,201508090024,1.43905107E9,5,23,4,0,0,0,0,8,,0,S,,1.43905107E9,
,201509190006,1.44259237E9,5,23,4,0,0,0,0,8,,0,S,,1.44259237E9,
,201509222120,1.442928032E9,5,23,4,0,0,0,0,8,,0,S,,1.442928032E9,
,201508261112,1.44055875E9,5,23,4,0,0,0,0,8,,0,S,,1.44055875E9,
,201509192339,1.44267715E9,5,23,4,0,0,0,0,8,,0,S,,1.44267715E9,
,201509121625,1.442046351E9,5,23,4,0,0,0,0,8,,0,S,,1.442046351E9,
,201508081904,1.439031874E9,5,23,4,0,0,0,0,8,,0,S,,1.439031874E9,
,201509110446,1.441918013E9,5,23,4,0,0,0,0,8,,0,S,,1.441918013E9,
,201509210017,1.442765856E9,5,23,4,0,0,0,0,8,,0,S,,1.442765856E9,
,201507261222,1.437884545E9,5,23,4,0,0,0,0,8,,0,S,,1.437884545E9,
,201508230010,1.440259837E9,5,23,4,0,0,0,0,8,,0,S,,1.440259837E9,
,201508262204,1.44059786E9,5,23,4,0,0,0,0,8,,0,S,,1.44059786E9,
,201509200107,1.442682448E9,5,23,4,0,0,0,0,8,,0,S,,1.442682448E9,
,201509260810,1.443226256E9,5,23,4,0,0,0,0,8,,0,S,,1.443226256E9,
,201507282342,1.43809813E9,5,23,4,0,0,0,0,8,,0,S,,1.43809813E9,
,201509052043,1.441457025E9,5,23,4,0,0,0,0,8,,0,S,,1.441457025E9,
,201509120650,1.442011807E9,5,23,4,0,0,0,0,8,,0,S,,1.442011807E9,
,201508241136,1.440387369E9,5,23,4,0,0,0,0,8,,0,S,,1.440387369E9,
,201508230139,1.440265165E9,5,23,4,0,0,0,0,8,,0,S,,1.440265165E9,
,201509161420,1.442384408E9,5,23,4,0,0,0,0,8,,0,S,,1.442384408E9,
,201509230329,1.442950192E9,5,23,4,0,0,0,0,8,,0,S,,1.442950192E9,
,201508080745,1.438991137E9,5,23,4,0,0,0,0,8,,0,S,,1.438991137E9,
,201508200041,1.440002465E9,5,23,4,0,0,0,0,8,,0,S,,1.440002465E9,
,201508022200,1.438524053E9,5,23,4,0,0,0,0,8,,0,S,,1.438524053E9,
,201508161541,1.439710878E9,5,23,4,0,0,0,0,8,,0,S,,1.439710878E9,
,201509261426,1.443248782E9,5,23,4,0,0,0,0,8,,0,S,,1.443248782E9,
,201509072037,1.441629423E9,5,23,4,0,0,0,0,8,,0,S,,1.441629423E9,
,201509232253,1.443020034E9,5,23,4,0,0,0,0,8,,0,S,,1.443020034E9,
,201509181754,1.442570045E9,5,23,4,0,0,0,0,8,,0,S,,1.442570045E9,
,201509131726,1.44213639E9,5,23,4,0,0,0,0,8,,0,S,,1.44213639E9,
,201509141838,1.442227124E9,5,23,4,0,0,0,0,8,,0,S,,1.442227124E9,
,201509210239,1.442774354E9,5,23,4,0,0,0,0,8,,0,S,,1.442774354E9,
,201509120903,1.44201978E9,5,23,4,0,0,0,0,8,,0,S,,1.44201978E9,
,201508190227,1.439922474E9,5,23,4,0,0,0,0,8,,0,S,,1.439922474E9,
,201508151013,1.439604803E9,5,23,4,0,0,0,0,8,,0,S,,1.439604803E9,
,201508211250,1.440132638E9,5,23,4,0,0,0,0,8,,0,S,,1.440132638E9,
,201509251922,1.443180157E9,5,23,4,0,0,0,0,8,,0,S,,1.443180157E9,
,201509112213,1.441980805E9,5,23,4,0,0,0,0,8,,0,S,,1.441980805E9,
,201508021620,1.438503617E9,5,23,4,0,0,0,0,8,,0,S,,1.438503617E9,
,201509290724,1.443482661E9,5,23,4,0,0,0,0,8,,0,S,,1.443482661E9,
,201508112140,1.439300436E9,5,23,4,0,0,0,0,8,,0,S,,1.439300436E9,
,201508170834,1.439771682E9,5,23,4,0,0,0,0,8,,0,S,,1.439771682E9,
,201508170026,1.439742392E9,5,23,4,0,0,0,0,8,,0,S,,1.439742392E9,
,201508180111,1.439831482E9,5,23,4,0,0,0,0,8,,0,S,,1.439831482E9,
,201509232353,1.443023621E9,5,23,4,0,0,0,0,8,,0,S,,1.443023621E9,
,201509261850,1.443264634E9,5,23,4,0,0,0,0,8,,0,S,,1.443264634E9,
,201509280040,1.443372008E9,5,23,4,0,0,0,0,8,,0,S,,1.443372008E9,
,201509280119,1.443374367E9,5,23,4,0,0,0,0,8,,0,S,,1.443374367E9,
,201509301219,1.443586799E9,5,23,4,0,0,0,0,8,,0,S,,1.443586799E9,
,201508210502,1.440104559E9,5,23,4,0,0,0,0,8,,0,S,,1.440104559E9,
,201508151031,1.439605912E9,5,23,4,0,0,0,0,8,,0,S,,1.439605912E9,
,201507310037,1.438274232E9,5,23,4,0,0,0,0,8,,0,S,,1.438274232E9,
,201509171942,1.442490177E9,5,23,4,0,0,0,0,8,,0,S,,1.442490177E9,
,201508241150,1.440388254E9,5,23,4,0,0,0,0,8,,0,S,,1.440388254E9,
,201509092306,1.441811164E9,5,23,4,0,0,0,0,8,,0,S,,1.441811164E9,
,201507261213,1.437883997E9,5,23,4,0,0,0,0,8,,0,S,,1.437883997E9,
,201509250942,1.443145328E9,5,23,4,0,0,0,0,8,,0,S,,1.443145328E9,
,201507222131,1.437571882E9,5,23,4,0,0,0,0,8,,0,S,,1.437571882E9,
,201509101920,1.441884016E9,5,23,4,0,0,0,0,8,,0,S,,1.441884016E9,
,201508181530,1.439883025E9,5,23,4,0,0,0,0,8,,0,S,,1.439883025E9,
,201509121607,1.442045255E9,5,23,4,0,0,0,0,8,,0,S,,1.442045255E9,
,201509170815,1.442448926E9,5,23,4,0,0,0,0,8,,0,S,,1.442448926E9,
,201509141833,1.44222683E9,5,23,4,0,0,0,0,8,,0,S,,1.44222683E9,
,201509142244,1.442241863E9,5,23,4,0,0,0,0,8,,0,S,,1.442241863E9,
,201509171209,1.442462971E9,5,23,4,0,0,0,0,8,,0,S,,1.442462971E9,
,201507302347,1.43827126E9,5,23,4,0,0,0,0,8,,0,S,,1.43827126E9,
,201507310051,1.438275078E9,5,23,4,0,0,0,0,8,,0,S,,1.438275078E9,
,201509272323,1.44336739E9,5,23,4,0,0,0,0,8,,0,S,,1.44336739E9,
,201508190234,1.439922855E9,5,23,4,0,0,0,0,8,,0,S,,1.439922855E9,
,201508211237,1.440131853E9,5,23,4,0,0,0,0,8,,0,S,,1.440131853E9,
,201509010648,1.441061333E9,5,23,4,0,0,0,0,8,,0,S,,1.441061333E9,
,201507231511,1.437635519E9,5,23,4,0,0,0,0,8,,0,S,,1.437635519E9,
,201508071323,1.43892502E9,5,23,4,0,0,0,0,8,,0,S,,1.43892502E9,
,201508301610,1.440922258E9,5,23,4,0,0,0,0,8,,0,S,,1.440922258E9,
,201509180151,1.442512315E9,5,23,4,0,0,0,0,8,,0,S,,1.442512315E9,
,201509290250,1.443466255E9,5,23,4,0,0,0,0,8,,0,S,,1.443466255E9,
,201508052249,1.438786175E9,5,23,4,0,0,0,0,8,,0,S,,1.438786175E9,
,201509221833,1.442918001E9,5,23,4,0,0,0,0,8,,0,S,,1.442918001E9,
,201509070008,1.441555683E9,5,23,4,0,0,0,0,8,,0,S,,1.441555683E9,
,201509091327,1.441776471E9,5,23,4,0,0,0,0,8,,0,S,,1.441776471E9,
,201509261843,1.443264197E9,5,23,4,0,0,0,0,8,,0,S,,1.443264197E9,
,201509100644,1.441838679E9,5,23,4,0,0,0,0,8,,0,S,,1.441838679E9,
,201507310031,1.438273911E9,5,23,4,0,0,0,0,8,,0,S,,1.438273911E9,
,201508210455,1.440104128E9,5,23,4,0,0,0,0,8,,0,S,,1.440104128E9,
,201508050038,1.438706303E9,5,23,4,0,0,0,0,8,,0,S,,1.438706303E9,
,201508031048,1.438570092E9,5,23,4,0,0,0,0,8,,0,S,,1.438570092E9,
,201508200047,1.440002871E9,5,23,4,0,0,0,0,8,,0,S,,1.440002871E9,
,201507300441,1.438202498E9,5,23,4,0,0,0,0,8,,0,S,,1.438202498E9,
,201508012345,1.438443942E9,5,23,4,0,0,0,0,8,,0,S,,1.438443942E9,
,201509061738,1.441532296E9,5,23,4,0,0,0,0,8,,0,S,,1.441532296E9,
,201508141344,1.439531058E9,5,23,4,0,0,0,0,8,,0,S,,1.439531058E9,
,201509140640,1.442184001E9,5,23,4,0,0,0,0,8,,0,S,,1.442184001E9,
,201509082312,1.441725151E9,5,23,4,0,0,0,0,8,,0,S,,1.441725151E9,
,201509211214,1.442808893E9,5,23,4,0,0,0,0,8,,0,S,,1.442808893E9,
,201507281307,1.438060035E9,5,23,4,0,0,0,0,8,,0,S,,1.438060035E9,
,201509251025,1.443147923E9,5,23,4,0,0,0,0,8,,0,S,,1.443147923E9,
,201508262117,1.440595031E9,5,23,4,0,0,0,0,8,,0,S,,1.440595031E9,
,201508042118,1.438694302E9,5,23,4,0,0,0,0,8,,0,S,,1.438694302E9,
,201507281720,1.438075217E9,5,23,4,0,0,0,0,8,,0,S,,1.438075217E9,
,201508311350,1.441000208E9,5,23,4,0,0,0,0,8,,0,S,,1.441000208E9,
,201508140053,1.439484817E9,5,23,4,0,0,0,0,8,,0,S,,1.439484817E9,
,201509151326,1.442294761E9,5,23,4,0,0,0,0,8,,0,S,,1.442294761E9,
,201509151848,1.442314117E9,5,23,4,0,0,0,0,8,,0,S,,1.442314117E9,
,201509210316,1.442776577E9,5,23,4,0,0,0,0,8,,0,S,,1.442776577E9,
,201507311432,1.43832433E9,5,23,4,0,0,0,0,8,,0,S,,1.43832433E9,
,201509131253,1.442119995E9,5,23,4,0,0,0,0,8,,0,S,,1.442119995E9,
,201509090940,1.441762853E9,5,23,4,0,0,0,0,8,,0,S,,1.441762853E9,
,201508012338,1.438443484E9,5,23,4,0,0,0,0,8,,0,S,,1.438443484E9,
,201507310037,1.438274261E9,5,23,4,0,0,0,0,8,,0,S,,1.438274261E9,
,201509102026,1.441887987E9,5,23,4,0,0,0,0,8,,0,S,,1.441887987E9,
,201509011612,1.441095137E9,5,23,4,0,0,0,0,8,,0,S,,1.441095137E9,
,201509230338,1.4429507E9,5,23,4,0,0,0,0,8,,0,S,,1.4429507E9,
,201509162133,1.442410412E9,5,29,4,0,0,0,0,8,,0,S,,1.442410412E9,
,201509141901,1.442228466E9,5,23,4,0,0,0,0,8,,0,S,,1.442228466E9,
,201509232329,1.443022193E9,5,23,4,0,0,0,0,8,,0,S,,1.443022193E9,
,201509122125,1.442064337E9,5,23,4,0,0,0,0,8,,0,S,,1.442064337E9,
,201509142328,1.442244504E9,5,23,4,0,0,0,0,8,,0,S,,1.442244504E9,
,201509130257,1.442084228E9,5,23,4,0,0,0,0,8,,0,S,,1.442084228E9,
,201509171231,1.442464318E9,5,23,4,0,0,0,0,8,,0,S,,1.442464318E9,
,201508312339,1.441035597E9,5,23,4,0,0,0,0,8,,0,S,,1.441035597E9,
,201509141426,1.442211974E9,5,23,4,0,0,0,0,8,,0,S,,1.442211974E9,
,201509091738,1.441791532E9,5,23,4,0,0,0,0,8,,0,S,,1.441791532E9,
,201508251848,1.440499737E9,5,23,4,0,0,0,0,8,,0,S,,1.440499737E9,
,201509141830,1.442226617E9,5,23,4,0,0,0,0,8,,0,S,,1.442226617E9,
,201509270409,1.443298147E9,5,23,4,0,0,0,0,8,,0,S,,1.443298147E9,
,201509210218,1.442773127E9,5,23,4,0,0,0,0,8,,0,S,,1.442773127E9,
,201509251000,1.443146415E9,5,23,4,0,0,0,0,8,,0,S,,1.443146415E9,
,201509250019,1.443111542E9,5,23,4,0,0,0,0,8,,0,S,,1.443111542E9,
,201509280215,1.443377705E9,5,23,4,0,0,0,0,8,,0,S,,1.443377705E9,
,201508200109,1.440004178E9,5,23,4,0,0,0,0,8,,0,S,,1.440004178E9,
,201509090917,1.441761463E9,5,23,4,0,0,0,0,8,,0,S,,1.441761463E9,
,201507270027,1.43792803E9,5,23,4,0,0,0,0,8,,0,S,,1.43792803E9,
,201509161405,1.442383513E9,5,23,4,0,0,0,0,8,,0,S,,1.442383513E9,
,201508052312,1.438787559E9,5,23,4,0,0,0,0,8,,0,S,,1.438787559E9,
,201509162044,1.442407494E9,5,23,4,0,0,0,0,8,,0,S,,1.442407494E9,
,201508210325,1.44009874E9,5,23,4,0,0,0,0,8,,0,S,,1.44009874E9,
,201509022151,1.441201865E9,5,23,4,0,0,0,0,8,,0,S,,1.441201865E9,
,201509271102,1.443322963E9,5,23,4,0,0,0,0,8,,0,S,,1.443322963E9,
,201508190245,1.439923552E9,5,23,4,0,0,0,0,8,,0,S,,1.439923552E9,
,201508140729,1.439508542E9,5,23,4,0,0,0,0,8,,0,S,,1.439508542E9,
,201507251452,1.437807149E9,5,23,4,0,0,0,0,8,,0,S,,1.437807149E9,
,201508062316,1.438874186E9,5,23,4,0,0,0,0,8,,0,S,,1.438874186E9,
,201507240516,1.437686177E9,5,23,4,0,0,0,0,8,,0,S,,1.437686177E9,
,201509290705,1.443481525E9,5,23,4,0,0,0,0,8,,0,S,,1.443481525E9,
,201508131128,1.43943652E9,5,23,4,0,0,0,0,8,,0,S,,1.43943652E9,
,201508061055,1.438829739E9,5,23,4,0,0,0,0,8,,0,S,,1.438829739E9,
,201508252233,1.440513191E9,5,23,4,0,0,0,0,8,,0,S,,1.440513191E9,
,201509112210,1.441980633E9,5,23,4,0,0,0,0,8,,0,S,,1.441980633E9,
,201508131124,1.439436272E9,5,23,4,0,0,0,0,8,,0,S,,1.439436272E9,
,201508051403,1.438754629E9,5,23,4,0,0,0,0,8,,0,S,,1.438754629E9,
,201509162044,1.442407474E9,5,23,4,0,0,0,0,8,,0,S,,1.442407474E9,
,201509132315,1.442157353E9,5,23,4,0,0,0,0,8,,0,S,,1.442157353E9,
,201508312302,1.44103334E9,5,23,4,0,0,0,0,8,,0,S,,1.44103334E9,
,201509131259,1.442120378E9,5,23,4,0,0,0,0,8,,0,S,,1.442120378E9,
,201508090008,1.439050103E9,5,23,4,0,0,0,0,8,,0,S,,1.439050103E9,
,201509101118,1.441855118E9,5,23,4,0,0,0,0,8,,0,S,,1.441855118E9,
,201507270029,1.437928192E9,5,23,4,0,0,0,0,8,,0,S,,1.437928192E9,
,201509262053,1.443271988E9,5,23,4,0,0,0,0,8,,0,S,,1.443271988E9,
,201509270203,1.443290616E9,5,23,4,0,0,0,0,8,,0,S,,1.443290616E9,
,201507220623,1.437517383E9,5,23,4,0,0,0,0,8,,0,S,,1.437517383E9,
,201509250020,1.443111618E9,5,23,4,0,0,0,0,8,,0,S,,1.443111618E9,
,201509122126,1.442064373E9,5,23,4,0,0,0,0,8,,0,S,,1.442064373E9,
,201509161414,1.442384094E9,5,23,4,0,0,0,0,8,,0,S,,1.442384094E9,
,201509190617,1.442614626E9,5,23,4,0,0,0,0,8,,0,S,,1.442614626E9,
,201509290504,1.443474295E9,5,23,4,0,0,0,0,8,,0,S,,1.443474295E9,
,201508241129,1.440386968E9,5,23,4,0,0,0,0,8,,0,S,,1.440386968E9,
,201509282131,1.443447082E9,5,23,4,0,0,0,0,8,,0,S,,1.443447082E9,
,201508240110,1.4403498E9,5,23,4,0,0,0,0,8,,0,S,,1.4403498E9,
,201507231504,1.437635041E9,5,23,4,0,0,0,0,8,,0,S,,1.437635041E9,
,201508061925,1.438860331E9,5,23,4,0,0,0,0,8,,0,S,,1.438860331E9,
,201507300008,1.438186125E9,5,23,4,0,0,0,0,8,,0,S,,1.438186125E9,
,201508190255,1.439924105E9,5,23,4,0,0,0,0,8,,0,S,,1.439924105E9,
,201507221631,1.437553902E9,5,23,4,0,0,0,0,8,,0,S,,1.437553902E9,
,201508021612,1.438503158E9,5,23,4,0,0,0,0,8,,0,S,,1.438503158E9,
,201507261120,1.437880826E9,5,23,4,0,0,0,0,8,,0,S,,1.437880826E9,
,201508252312,1.440515541E9,5,23,4,0,0,0,0,8,,0,S,,1.440515541E9,
,201508302221,1.440944517E9,5,23,4,0,0,0,0,8,,0,S,,1.440944517E9,
,201508140023,1.439482992E9,5,23,4,0,0,0,0,8,,0,S,,1.439482992E9,
,201508072216,1.438956965E9,5,23,4,0,0,0,0,8,,0,S,,1.438956965E9,
,201509240012,1.443024735E9,5,23,4,0,0,0,0,8,,0,S,,1.443024735E9,
,201507281409,1.438063764E9,5,23,4,0,0,0,0,8,,0,S,,1.438063764E9,
,201508262157,1.440597476E9,5,23,4,0,0,0,0,8,,0,S,,1.440597476E9,
,201509290452,1.443473542E9,5,23,4,0,0,0,0,8,,0,S,,1.443473542E9,
,201509060632,1.441492363E9,5,23,4,0,0,0,0,8,,0,S,,1.441492363E9,
,201508291746,1.440841586E9,5,23,4,0,0,0,0,8,,0,S,,1.440841586E9,
,201507282339,1.438097956E9,5,23,4,0,0,0,0,8,,0,S,,1.438097956E9,
,201509220142,1.442857353E9,5,23,4,0,0,0,0,8,,0,S,,1.442857353E9,
,201508171651,1.439801513E9,5,23,4,0,0,0,0,8,,0,S,,1.439801513E9,
,201508051342,1.438753332E9,5,23,4,0,0,0,0,8,,0,S,,1.438753332E9,
,201509131231,1.442118699E9,5,23,4,0,0,0,0,8,,0,S,,1.442118699E9,
,201508271035,1.440642929E9,5,23,4,0,0,0,0,8,,0,S,,1.440642929E9,
,201508191324,1.439961843E9,5,23,4,0,0,0,0,8,,0,S,,1.439961843E9,
,201509141112,1.442200378E9,5,23,4,0,0,0,0,8,,0,S,,1.442200378E9,
,201509180629,1.442528992E9,5,23,4,0,0,0,0,8,,0,S,,1.442528992E9,
,201508300012,1.440864767E9,5,23,4,0,0,0,0,8,,0,S,,1.440864767E9,
,201509200759,1.442707173E9,5,23,4,0,0,0,0,8,,0,S,,1.442707173E9,
,201509262002,1.44326895E9,5,23,4,0,0,0,0,8,,0,S,,1.44326895E9,
,201508090717,1.439075879E9,5,23,4,0,0,0,0,8,,0,S,,1.439075879E9,
,201509210708,1.442790516E9,5,23,4,0,0,0,0,8,,0,S,,1.442790516E9,
,201509091746,1.441792013E9,5,23,4,0,0,0,0,8,,0,S,,1.441792013E9,
,201508211222,1.440130975E9,5,23,4,0,0,0,0,8,,0,S,,1.440130975E9,
,201507212057,1.43748343E9,5,23,4,0,0,0,0,8,,0,S,,1.43748343E9,
,201509210550,1.442785827E9,5,23,4,0,0,0,0,8,,0,S,,1.442785827E9,
,201509190506,1.442610419E9,5,23,4,0,0,0,0,8,,0,S,,1.442610419E9,
,201509280227,1.443378453E9,5,23,4,0,0,0,0,8,,0,S,,1.443378453E9,
,201507281621,1.43807166E9,5,23,4,0,0,0,0,8,,0,S,,1.43807166E9,
,201509120417,1.442002657E9,5,23,4,0,0,0,0,8,,0,S,,1.442002657E9,
,201508231307,1.440306437E9,5,23,4,0,0,0,0,8,,0,S,,1.440306437E9,
,201508312301,1.441033275E9,5,23,4,0,0,0,0,8,,0,S,,1.441033275E9,
,201508120222,1.439317358E9,5,23,4,0,0,0,0,8,,0,S,,1.439317358E9,
,201509050252,1.441392721E9,5,23,4,0,0,0,0,8,,0,S,,1.441392721E9,
,201509082320,1.441725641E9,5,23,4,0,0,0,0,8,,0,S,,1.441725641E9,
,201507271106,1.4379664E9,5,23,4,0,0,0,0,8,,0,S,,1.4379664E9,
,201507270037,1.437928662E9,5,23,4,0,0,0,0,8,,0,S,,1.437928662E9,
,201509211923,1.442834612E9,5,23,4,0,0,0,0,8,,0,S,,1.442834612E9,
,201509201908,1.442747335E9,5,23,4,0,0,0,0,8,,0,S,,1.442747335E9,
,201507261154,1.437882851E9,5,23,4,0,0,0,0,8,,0,S,,1.437882851E9,
,201509301320,1.443590404E9,5,23,4,0,0,0,0,8,,0,S,,1.443590404E9,
,201508171224,1.43978547E9,5,23,4,0,0,0,0,8,,0,S,,1.43978547E9,
,201508130400,1.439409655E9,5,23,4,0,0,0,0,8,,0,S,,1.439409655E9,
,201509031859,1.441277968E9,5,23,4,0,0,0,0,8,,0,S,,1.441277968E9,
,201508062013,1.438863236E9,5,23,4,0,0,0,0,8,,0,S,,1.438863236E9,
,201509141219,1.442204355E9,5,23,4,0,0,0,0,8,,0,S,,1.442204355E9,
,201509181735,1.442568904E9,5,29,4,0,0,0,0,8,,0,S,,1.442568904E9,
,201509232331,1.443022311E9,5,23,4,0,0,0,0,8,,0,S,,1.443022311E9,
,201509180632,1.442529149E9,5,23,4,0,0,0,0,8,,0,S,,1.442529149E9,
,201508170818,1.439770681E9,5,23,4,0,0,0,0,8,,0,S,,1.439770681E9,
,201508241109,1.440385759E9,5,23,4,0,0,0,0,8,,0,S,,1.440385759E9,
,201508180225,1.439835937E9,5,23,4,0,0,0,0,8,,0,S,,1.439835937E9,
,201509281418,1.4434211E9,5,23,4,0,0,0,0,8,,0,S,,1.4434211E9,
,201508312304,1.441033445E9,5,23,4,0,0,0,0,8,,0,S,,1.441033445E9,
,201509131138,1.442115519E9,5,23,4,0,0,0,0,8,,0,S,,1.442115519E9,
,201509050239,1.441391946E9,5,23,4,0,0,0,0,8,,0,S,,1.441391946E9,
,201509141940,1.442230802E9,5,23,4,0,0,0,0,8,,0,S,,1.442230802E9,
,201508212158,1.440165486E9,5,23,4,0,0,0,0,8,,0,S,,1.440165486E9,
,201507271419,1.437977996E9,5,23,4,0,0,0,0,8,,0,S,,1.437977996E9,
,201509271052,1.443322327E9,5,23,4,0,0,0,0,8,,0,S,,1.443322327E9,
,201508231211,1.440303106E9,5,23,4,0,0,0,0,8,,0,S,,1.440303106E9,
